Sample	Genome	Coverage	Bases
12447_H3WL3BCXX-1_R1p.fastq.gz	GCA_013372845.1_ASM1337284v1_genomic	0	2404996
12447_H3WL3BCXX-1_R1p.fastq.gz	GCA_013372845.1_ASM1337284v1_genomic	1	396330
12447_H3WL3BCXX-1_R1p.fastq.gz	GCA_013372845.1_ASM1337284v1_genomic	2	195814
12447_H3WL3BCXX-1_R1p.fastq.gz	GCA_013372845.1_ASM1337284v1_genomic	3	101630
12447_H3WL3BCXX-1_R1p.fastq.gz	GCA_013372845.1_ASM1337284v1_genomic	4	51032
12447_H3WL3BCXX-1_R1p.fastq.gz	GCA_013372845.1_ASM1337284v1_genomic	5	23886
12447_H3WL3BCXX-1_R1p.fastq.gz	GCA_013372845.1_ASM1337284v1_genomic	6	11735
12447_H3WL3BCXX-1_R1p.fastq.gz	GCA_013372845.1_ASM1337284v1_genomic	7	5125
12447_H3WL3BCXX-1_R1p.fastq.gz	GCA_013372845.1_ASM1337284v1_genomic	8	2623
12447_H3WL3BCXX-1_R1p.fastq.gz	GCA_013372845.1_ASM1337284v1_genomic	9	1377
12447_H3WL3BCXX-1_R1p.fastq.gz	GCA_013372845.1_ASM1337284v1_genomic	10	637
12447_H3WL3BCXX-1_R1p.fastq.gz	GCA_013372845.1_ASM1337284v1_genomic	11	482
12447_H3WL3BCXX-1_R1p.fastq.gz	GCA_013372845.1_ASM1337284v1_genomic	12	389
12447_H3WL3BCXX-1_R1p.fastq.gz	GCA_013372845.1_ASM1337284v1_genomic	13	271
12447_H3WL3BCXX-1_R1p.fastq.gz	GCA_013372845.1_ASM1337284v1_genomic	14	361
12447_H3WL3BCXX-1_R1p.fastq.gz	GCA_013372845.1_ASM1337284v1_genomic	15	354
12447_H3WL3BCXX-1_R1p.fastq.gz	GCA_013372845.1_ASM1337284v1_genomic	16	247
12447_H3WL3BCXX-1_R1p.fastq.gz	GCA_013372845.1_ASM1337284v1_genomic	17	197
12447_H3WL3BCXX-1_R1p.fastq.gz	GCA_013372845.1_ASM1337284v1_genomic	18	317
12447_H3WL3BCXX-1_R1p.fastq.gz	GCA_013372845.1_ASM1337284v1_genomic	19	181
12447_H3WL3BCXX-1_R1p.fastq.gz	GCA_013372845.1_ASM1337284v1_genomic	20	180
12447_H3WL3BCXX-1_R1p.fastq.gz	GCA_013372845.1_ASM1337284v1_genomic	21	195
12447_H3WL3BCXX-1_R1p.fastq.gz	GCA_013372845.1_ASM1337284v1_genomic	22	115
12447_H3WL3BCXX-1_R1p.fastq.gz	GCA_013372845.1_ASM1337284v1_genomic	23	169
12447_H3WL3BCXX-1_R1p.fastq.gz	GCA_013372845.1_ASM1337284v1_genomic	24	119
12447_H3WL3BCXX-1_R1p.fastq.gz	GCA_013372845.1_ASM1337284v1_genomic	25	145
12447_H3WL3BCXX-1_R1p.fastq.gz	GCA_013372845.1_ASM1337284v1_genomic	26	114
12447_H3WL3BCXX-1_R1p.fastq.gz	GCA_013372845.1_ASM1337284v1_genomic	27	134
12447_H3WL3BCXX-1_R1p.fastq.gz	GCA_013372845.1_ASM1337284v1_genomic	28	140
12447_H3WL3BCXX-1_R1p.fastq.gz	GCA_013372845.1_ASM1337284v1_genomic	29	87
12447_H3WL3BCXX-1_R1p.fastq.gz	GCA_013372845.1_ASM1337284v1_genomic	30	49
12447_H3WL3BCXX-1_R1p.fastq.gz	GCA_013372845.1_ASM1337284v1_genomic	31	68
12447_H3WL3BCXX-1_R1p.fastq.gz	GCA_013372845.1_ASM1337284v1_genomic	32	45
12447_H3WL3BCXX-1_R1p.fastq.gz	GCA_013372845.1_ASM1337284v1_genomic	33	55
12447_H3WL3BCXX-1_R1p.fastq.gz	GCA_013372845.1_ASM1337284v1_genomic	34	27
12447_H3WL3BCXX-1_R1p.fastq.gz	GCA_013372845.1_ASM1337284v1_genomic	35	30
12447_H3WL3BCXX-1_R1p.fastq.gz	GCA_013372845.1_ASM1337284v1_genomic	36	51
12447_H3WL3BCXX-1_R1p.fastq.gz	GCA_013372845.1_ASM1337284v1_genomic	37	63
12447_H3WL3BCXX-1_R1p.fastq.gz	GCA_013372845.1_ASM1337284v1_genomic	38	43
12447_H3WL3BCXX-1_R1p.fastq.gz	GCA_013372845.1_ASM1337284v1_genomic	39	33
12447_H3WL3BCXX-1_R1p.fastq.gz	GCA_013372845.1_ASM1337284v1_genomic	40	36
12447_H3WL3BCXX-1_R1p.fastq.gz	GCA_013372845.1_ASM1337284v1_genomic	41	31
12447_H3WL3BCXX-1_R1p.fastq.gz	GCA_013372845.1_ASM1337284v1_genomic	42	43
12447_H3WL3BCXX-1_R1p.fastq.gz	GCA_013372845.1_ASM1337284v1_genomic	43	29
12447_H3WL3BCXX-1_R1p.fastq.gz	GCA_013372845.1_ASM1337284v1_genomic	44	29
12447_H3WL3BCXX-1_R1p.fastq.gz	GCA_013372845.1_ASM1337284v1_genomic	45	35
12447_H3WL3BCXX-1_R1p.fastq.gz	GCA_013372845.1_ASM1337284v1_genomic	46	27
12447_H3WL3BCXX-1_R1p.fastq.gz	GCA_013372845.1_ASM1337284v1_genomic	47	7
12447_H3WL3BCXX-1_R1p.fastq.gz	GCA_013372845.1_ASM1337284v1_genomic	48	10
12447_H3WL3BCXX-1_R1p.fastq.gz	GCA_013372845.1_ASM1337284v1_genomic	49	4
12447_H3WL3BCXX-1_R1p.fastq.gz	GCA_013372845.1_ASM1337284v1_genomic	50	3
12447_H3WL3BCXX-1_R1p.fastq.gz	GCA_013372845.1_ASM1337284v1_genomic	51	7
12447_H3WL3BCXX-1_R1p.fastq.gz	GCA_013372845.1_ASM1337284v1_genomic	52	3
12447_H3WL3BCXX-1_R1p.fastq.gz	GCA_013372845.1_ASM1337284v1_genomic	53	8
12447_H3WL3BCXX-1_R1p.fastq.gz	GCA_013372845.1_ASM1337284v1_genomic	54	4
12447_H3WL3BCXX-1_R1p.fastq.gz	GCA_013372845.1_ASM1337284v1_genomic	55	8
12447_H3WL3BCXX-1_R1p.fastq.gz	GCA_013372845.1_ASM1337284v1_genomic	56	2
12447_H3WL3BCXX-1_R1p.fastq.gz	GCA_013372845.1_ASM1337284v1_genomic	57	0
12447_H3WL3BCXX-1_R1p.fastq.gz	GCA_013372845.1_ASM1337284v1_genomic	58	3
12447_H3WL3BCXX-1_R1p.fastq.gz	GCA_013372845.1_ASM1337284v1_genomic	59	3
12447_H3WL3BCXX-1_R1p.fastq.gz	GCA_013372845.1_ASM1337284v1_genomic	60	5
12447_H3WL3BCXX-1_R1p.fastq.gz	GCA_013372845.1_ASM1337284v1_genomic	61	5
12447_H3WL3BCXX-1_R1p.fastq.gz	GCA_013372845.1_ASM1337284v1_genomic	62	0
12447_H3WL3BCXX-1_R1p.fastq.gz	GCA_013372845.1_ASM1337284v1_genomic	63	8
12447_H3WL3BCXX-1_R1p.fastq.gz	GCA_013372845.1_ASM1337284v1_genomic	64	2
12447_H3WL3BCXX-1_R1p.fastq.gz	GCA_013372845.1_ASM1337284v1_genomic	65	4
12447_H3WL3BCXX-1_R1p.fastq.gz	GCA_013372845.1_ASM1337284v1_genomic	66	4
12447_H3WL3BCXX-1_R1p.fastq.gz	GCA_013372845.1_ASM1337284v1_genomic	67	7
12447_H3WL3BCXX-1_R1p.fastq.gz	GCA_013372845.1_ASM1337284v1_genomic	68	13
12447_H3WL3BCXX-1_R1p.fastq.gz	GCA_013372845.1_ASM1337284v1_genomic	69	7
12447_H3WL3BCXX-1_R1p.fastq.gz	GCA_013372845.1_ASM1337284v1_genomic	70	13
12447_H3WL3BCXX-1_R1p.fastq.gz	GCA_013372845.1_ASM1337284v1_genomic	71	19
12447_H3WL3BCXX-1_R1p.fastq.gz	GCA_013372845.1_ASM1337284v1_genomic	72	18
12447_H3WL3BCXX-1_R1p.fastq.gz	GCA_013372845.1_ASM1337284v1_genomic	73	11
12447_H3WL3BCXX-1_R1p.fastq.gz	GCA_013372845.1_ASM1337284v1_genomic	74	1
12447_H3WL3BCXX-1_R1p.fastq.gz	GCA_013372845.1_ASM1337284v1_genomic	75	1
12447_H3WL3BCXX-1_R1p.fastq.gz	GCA_013372845.1_ASM1337284v1_genomic	76	3
12447_H3WL3BCXX-1_R1p.fastq.gz	GCA_013372845.1_ASM1337284v1_genomic	77	3
12447_H3WL3BCXX-1_R1p.fastq.gz	GCA_013372845.1_ASM1337284v1_genomic	78	0
12447_H3WL3BCXX-1_R1p.fastq.gz	GCA_013372845.1_ASM1337284v1_genomic	79	1
12447_H3WL3BCXX-1_R1p.fastq.gz	GCA_013372845.1_ASM1337284v1_genomic	80	1
12447_H3WL3BCXX-1_R1p.fastq.gz	GCA_013372845.1_ASM1337284v1_genomic	81	2
12447_H3WL3BCXX-1_R1p.fastq.gz	GCA_013372845.1_ASM1337284v1_genomic	82	1
12447_H3WL3BCXX-1_R1p.fastq.gz	GCA_013372845.1_ASM1337284v1_genomic	83	6
12447_H3WL3BCXX-1_R1p.fastq.gz	GCA_013372845.1_ASM1337284v1_genomic	84	5
12447_H3WL3BCXX-1_R1p.fastq.gz	GCA_013372845.1_ASM1337284v1_genomic	85	2
12447_H3WL3BCXX-1_R1p.fastq.gz	GCA_013372845.1_ASM1337284v1_genomic	86	4
12447_H3WL3BCXX-1_R1p.fastq.gz	GCA_013372845.1_ASM1337284v1_genomic	87	8
12447_H3WL3BCXX-1_R1p.fastq.gz	GCA_013372845.1_ASM1337284v1_genomic	88	17
12447_H3WL3BCXX-1_R1p.fastq.gz	GCA_013372845.1_ASM1337284v1_genomic	89	1
12447_H3WL3BCXX-1_R1p.fastq.gz	GCA_013372845.1_ASM1337284v1_genomic	90	0
12447_H3WL3BCXX-1_R1p.fastq.gz	GCA_013372845.1_ASM1337284v1_genomic	91	9
12447_H3WL3BCXX-1_R1p.fastq.gz	GCA_013372845.1_ASM1337284v1_genomic	92	5
12447_H3WL3BCXX-1_R1p.fastq.gz	GCA_013372845.1_ASM1337284v1_genomic	93	5
12447_H3WL3BCXX-1_R1p.fastq.gz	GCA_013372845.1_ASM1337284v1_genomic	94	3
12447_H3WL3BCXX-1_R1p.fastq.gz	GCA_013372845.1_ASM1337284v1_genomic	95	3
12447_H3WL3BCXX-1_R1p.fastq.gz	GCA_013372845.1_ASM1337284v1_genomic	96	3
12447_H3WL3BCXX-1_R1p.fastq.gz	GCA_013372845.1_ASM1337284v1_genomic	97	2
12447_H3WL3BCXX-1_R1p.fastq.gz	GCA_013372845.1_ASM1337284v1_genomic	98	6
12447_H3WL3BCXX-1_R1p.fastq.gz	GCA_013372845.1_ASM1337284v1_genomic	99	5
12447_H3WL3BCXX-1_R1p.fastq.gz	GCA_013372845.1_ASM1337284v1_genomic	100	1
12447_H3WL3BCXX-1_R1p.fastq.gz	GCA_013372845.1_ASM1337284v1_genomic	101	9
12447_H3WL3BCXX-1_R1p.fastq.gz	GCA_013372845.1_ASM1337284v1_genomic	102	7
12447_H3WL3BCXX-1_R1p.fastq.gz	GCA_013372845.1_ASM1337284v1_genomic	103	8
12447_H3WL3BCXX-1_R1p.fastq.gz	GCA_013372845.1_ASM1337284v1_genomic	104	5
12447_H3WL3BCXX-1_R1p.fastq.gz	GCA_013372845.1_ASM1337284v1_genomic	105	2
12447_H3WL3BCXX-1_R1p.fastq.gz	GCA_013372845.1_ASM1337284v1_genomic	106	3
12447_H3WL3BCXX-1_R1p.fastq.gz	GCA_013372845.1_ASM1337284v1_genomic	107	6
12447_H3WL3BCXX-1_R1p.fastq.gz	GCA_013372845.1_ASM1337284v1_genomic	108	6
12447_H3WL3BCXX-1_R1p.fastq.gz	GCA_013372845.1_ASM1337284v1_genomic	109	5
12447_H3WL3BCXX-1_R1p.fastq.gz	GCA_013372845.1_ASM1337284v1_genomic	110	11
12447_H3WL3BCXX-1_R1p.fastq.gz	GCA_013372845.1_ASM1337284v1_genomic	111	2
12447_H3WL3BCXX-1_R1p.fastq.gz	GCA_013372845.1_ASM1337284v1_genomic	112	3
12447_H3WL3BCXX-1_R1p.fastq.gz	GCA_013372845.1_ASM1337284v1_genomic	113	2
12447_H3WL3BCXX-1_R1p.fastq.gz	GCA_013372845.1_ASM1337284v1_genomic	114	8
12447_H3WL3BCXX-1_R1p.fastq.gz	GCA_013372845.1_ASM1337284v1_genomic	115	5
12447_H3WL3BCXX-1_R1p.fastq.gz	GCA_013372845.1_ASM1337284v1_genomic	116	0
12447_H3WL3BCXX-1_R1p.fastq.gz	GCA_013372845.1_ASM1337284v1_genomic	117	4
12447_H3WL3BCXX-1_R1p.fastq.gz	GCA_013372845.1_ASM1337284v1_genomic	118	1
12447_H3WL3BCXX-1_R1p.fastq.gz	GCA_013372845.1_ASM1337284v1_genomic	119	2
12447_H3WL3BCXX-1_R1p.fastq.gz	GCA_013372845.1_ASM1337284v1_genomic	120	3
12447_H3WL3BCXX-1_R1p.fastq.gz	GCA_013372845.1_ASM1337284v1_genomic	121	3
12447_H3WL3BCXX-1_R1p.fastq.gz	GCA_013372845.1_ASM1337284v1_genomic	122	3
12447_H3WL3BCXX-1_R1p.fastq.gz	GCA_013372845.1_ASM1337284v1_genomic	123	10
12447_H3WL3BCXX-1_R1p.fastq.gz	GCA_013372845.1_ASM1337284v1_genomic	124	12
12447_H3WL3BCXX-1_R1p.fastq.gz	GCA_013372845.1_ASM1337284v1_genomic	125	12
12447_H3WL3BCXX-1_R1p.fastq.gz	GCA_013372845.1_ASM1337284v1_genomic	126	9
12447_H3WL3BCXX-1_R1p.fastq.gz	GCA_013372845.1_ASM1337284v1_genomic	127	16
12447_H3WL3BCXX-1_R1p.fastq.gz	GCA_013372845.1_ASM1337284v1_genomic	128	1
12447_H3WL3BCXX-1_R1p.fastq.gz	GCA_013372845.1_ASM1337284v1_genomic	129	0
12447_H3WL3BCXX-1_R1p.fastq.gz	GCA_013372845.1_ASM1337284v1_genomic	130	0
12447_H3WL3BCXX-1_R1p.fastq.gz	GCA_013372845.1_ASM1337284v1_genomic	131	0
12447_H3WL3BCXX-1_R1p.fastq.gz	GCA_013372845.1_ASM1337284v1_genomic	132	0
12447_H3WL3BCXX-1_R1p.fastq.gz	GCA_013372845.1_ASM1337284v1_genomic	133	0
12447_H3WL3BCXX-1_R1p.fastq.gz	GCA_013372845.1_ASM1337284v1_genomic	134	0
12447_H3WL3BCXX-1_R1p.fastq.gz	GCA_013372845.1_ASM1337284v1_genomic	135	0
12447_H3WL3BCXX-1_R1p.fastq.gz	GCA_013372845.1_ASM1337284v1_genomic	136	0
12447_H3WL3BCXX-1_R1p.fastq.gz	GCA_013372845.1_ASM1337284v1_genomic	137	0
12447_H3WL3BCXX-1_R1p.fastq.gz	GCA_013372845.1_ASM1337284v1_genomic	138	0
12447_H3WL3BCXX-1_R1p.fastq.gz	GCA_013372845.1_ASM1337284v1_genomic	139	0
12447_H3WL3BCXX-1_R1p.fastq.gz	GCA_013372845.1_ASM1337284v1_genomic	140	0
12447_H3WL3BCXX-1_R1p.fastq.gz	GCA_013372845.1_ASM1337284v1_genomic	141	0
12447_H3WL3BCXX-1_R1p.fastq.gz	GCA_013372845.1_ASM1337284v1_genomic	142	0
12447_H3WL3BCXX-1_R1p.fastq.gz	GCA_013372845.1_ASM1337284v1_genomic	143	0
12447_H3WL3BCXX-1_R1p.fastq.gz	GCA_013372845.1_ASM1337284v1_genomic	144	0
12447_H3WL3BCXX-1_R1p.fastq.gz	GCA_013372845.1_ASM1337284v1_genomic	145	0
12447_H3WL3BCXX-1_R1p.fastq.gz	GCA_013372845.1_ASM1337284v1_genomic	146	0
12447_H3WL3BCXX-1_R1p.fastq.gz	GCA_013372845.1_ASM1337284v1_genomic	147	0
12447_H3WL3BCXX-1_R1p.fastq.gz	GCA_013372845.1_ASM1337284v1_genomic	148	0
12447_H3WL3BCXX-1_R1p.fastq.gz	GCA_013372845.1_ASM1337284v1_genomic	149	0
12447_H3WL3BCXX-1_R1p.fastq.gz	GCA_013372845.1_ASM1337284v1_genomic	150	0
12447_H3WL3BCXX-1_R1p.fastq.gz	GCA_013372845.1_ASM1337284v1_genomic	151	0
12447_H3WL3BCXX-1_R1p.fastq.gz	GCA_013372845.1_ASM1337284v1_genomic	152	0
12447_H3WL3BCXX-1_R1p.fastq.gz	GCA_013372845.1_ASM1337284v1_genomic	153	0
12447_H3WL3BCXX-1_R1p.fastq.gz	GCA_013372845.1_ASM1337284v1_genomic	154	0
12447_H3WL3BCXX-1_R1p.fastq.gz	GCA_013372845.1_ASM1337284v1_genomic	155	0
12447_H3WL3BCXX-1_R1p.fastq.gz	GCA_013372845.1_ASM1337284v1_genomic	156	0
12447_H3WL3BCXX-1_R1p.fastq.gz	GCA_013372845.1_ASM1337284v1_genomic	157	0
12447_H3WL3BCXX-1_R1p.fastq.gz	GCA_013372845.1_ASM1337284v1_genomic	158	0
12447_H3WL3BCXX-1_R1p.fastq.gz	GCA_013372845.1_ASM1337284v1_genomic	159	0
12447_H3WL3BCXX-1_R1p.fastq.gz	GCA_013372845.1_ASM1337284v1_genomic	160	0
12447_H3WL3BCXX-1_R1p.fastq.gz	GCA_013372845.1_ASM1337284v1_genomic	161	0
12447_H3WL3BCXX-1_R1p.fastq.gz	GCA_013372845.1_ASM1337284v1_genomic	162	0
12447_H3WL3BCXX-1_R1p.fastq.gz	GCA_013372845.1_ASM1337284v1_genomic	163	0
12447_H3WL3BCXX-1_R1p.fastq.gz	GCA_013372845.1_ASM1337284v1_genomic	164	0
12447_H3WL3BCXX-1_R1p.fastq.gz	GCA_013372845.1_ASM1337284v1_genomic	165	0
12447_H3WL3BCXX-1_R1p.fastq.gz	GCA_013372845.1_ASM1337284v1_genomic	166	0
12447_H3WL3BCXX-1_R1p.fastq.gz	GCA_013372845.1_ASM1337284v1_genomic	167	0
12447_H3WL3BCXX-1_R1p.fastq.gz	GCA_013372845.1_ASM1337284v1_genomic	168	0
12447_H3WL3BCXX-1_R1p.fastq.gz	GCA_013372845.1_ASM1337284v1_genomic	169	0
12447_H3WL3BCXX-1_R1p.fastq.gz	GCA_013372845.1_ASM1337284v1_genomic	170	0
12447_H3WL3BCXX-1_R1p.fastq.gz	GCA_013372845.1_ASM1337284v1_genomic	171	0
12447_H3WL3BCXX-1_R1p.fastq.gz	GCA_013372845.1_ASM1337284v1_genomic	172	0
12447_H3WL3BCXX-1_R1p.fastq.gz	GCA_013372845.1_ASM1337284v1_genomic	173	0
12447_H3WL3BCXX-1_R1p.fastq.gz	GCA_013372845.1_ASM1337284v1_genomic	174	0
12447_H3WL3BCXX-1_R1p.fastq.gz	GCA_013372845.1_ASM1337284v1_genomic	175	0
12447_H3WL3BCXX-1_R1p.fastq.gz	GCA_013372845.1_ASM1337284v1_genomic	176	0
12447_H3WL3BCXX-1_R1p.fastq.gz	GCA_013372845.1_ASM1337284v1_genomic	177	0
12447_H3WL3BCXX-1_R1p.fastq.gz	GCA_013372845.1_ASM1337284v1_genomic	178	0
12447_H3WL3BCXX-1_R1p.fastq.gz	GCA_013372845.1_ASM1337284v1_genomic	179	0
12447_H3WL3BCXX-1_R1p.fastq.gz	GCA_013372845.1_ASM1337284v1_genomic	180	1
12447_H3WL3BCXX-1_R1p.fastq.gz	GCA_013372845.1_ASM1337284v1_genomic	181	0
12447_H3WL3BCXX-1_R1p.fastq.gz	GCA_013372845.1_ASM1337284v1_genomic	182	2
12447_H3WL3BCXX-1_R1p.fastq.gz	GCA_013372845.1_ASM1337284v1_genomic	183	0
12447_H3WL3BCXX-1_R1p.fastq.gz	GCA_013372845.1_ASM1337284v1_genomic	184	0
12447_H3WL3BCXX-1_R1p.fastq.gz	GCA_013372845.1_ASM1337284v1_genomic	185	1
12447_H3WL3BCXX-1_R1p.fastq.gz	GCA_013372845.1_ASM1337284v1_genomic	186	0
12447_H3WL3BCXX-1_R1p.fastq.gz	GCA_013372845.1_ASM1337284v1_genomic	187	0
12447_H3WL3BCXX-1_R1p.fastq.gz	GCA_013372845.1_ASM1337284v1_genomic	188	0
12447_H3WL3BCXX-1_R1p.fastq.gz	GCA_013372845.1_ASM1337284v1_genomic	189	0
12447_H3WL3BCXX-1_R1p.fastq.gz	GCA_013372845.1_ASM1337284v1_genomic	190	0
12447_H3WL3BCXX-1_R1p.fastq.gz	GCA_013372845.1_ASM1337284v1_genomic	191	0
12447_H3WL3BCXX-1_R1p.fastq.gz	GCA_013372845.1_ASM1337284v1_genomic	192	0
12447_H3WL3BCXX-1_R1p.fastq.gz	GCA_013372845.1_ASM1337284v1_genomic	193	0
12447_H3WL3BCXX-1_R1p.fastq.gz	GCA_013372845.1_ASM1337284v1_genomic	194	0
12447_H3WL3BCXX-1_R1p.fastq.gz	GCA_013372845.1_ASM1337284v1_genomic	195	0
12447_H3WL3BCXX-1_R1p.fastq.gz	GCA_013372845.1_ASM1337284v1_genomic	196	0
12447_H3WL3BCXX-1_R1p.fastq.gz	GCA_013372845.1_ASM1337284v1_genomic	197	0
12447_H3WL3BCXX-1_R1p.fastq.gz	GCA_013372845.1_ASM1337284v1_genomic	198	1
12447_H3WL3BCXX-1_R1p.fastq.gz	GCA_013372845.1_ASM1337284v1_genomic	199	1
12447_H3WL3BCXX-1_R1p.fastq.gz	GCA_013372845.1_ASM1337284v1_genomic	200	5
12447_H3WL3BCXX-1_R1p.fastq.gz	GCA_013372845.1_ASM1337284v1_genomic	201	6
12447_H3WL3BCXX-1_R1p.fastq.gz	GCA_013372845.1_ASM1337284v1_genomic	202	3
12447_H3WL3BCXX-1_R1p.fastq.gz	GCA_013372845.1_ASM1337284v1_genomic	203	1
12447_H3WL3BCXX-1_R1p.fastq.gz	GCA_013372845.1_ASM1337284v1_genomic	204	2
12447_H3WL3BCXX-1_R1p.fastq.gz	GCA_019668465.1_ASM1966846v1_genomic	0	4356965
12447_H3WL3BCXX-1_R1p.fastq.gz	GCA_019668465.1_ASM1966846v1_genomic	1	551996
12447_H3WL3BCXX-1_R1p.fastq.gz	GCA_019668465.1_ASM1966846v1_genomic	2	289319
12447_H3WL3BCXX-1_R1p.fastq.gz	GCA_019668465.1_ASM1966846v1_genomic	3	180194
12447_H3WL3BCXX-1_R1p.fastq.gz	GCA_019668465.1_ASM1966846v1_genomic	4	118565
12447_H3WL3BCXX-1_R1p.fastq.gz	GCA_019668465.1_ASM1966846v1_genomic	5	82346
12447_H3WL3BCXX-1_R1p.fastq.gz	GCA_019668465.1_ASM1966846v1_genomic	6	58974
12447_H3WL3BCXX-1_R1p.fastq.gz	GCA_019668465.1_ASM1966846v1_genomic	7	43939
12447_H3WL3BCXX-1_R1p.fastq.gz	GCA_019668465.1_ASM1966846v1_genomic	8	31281
12447_H3WL3BCXX-1_R1p.fastq.gz	GCA_019668465.1_ASM1966846v1_genomic	9	24776
12447_H3WL3BCXX-1_R1p.fastq.gz	GCA_019668465.1_ASM1966846v1_genomic	10	18410
12447_H3WL3BCXX-1_R1p.fastq.gz	GCA_019668465.1_ASM1966846v1_genomic	11	13578
12447_H3WL3BCXX-1_R1p.fastq.gz	GCA_019668465.1_ASM1966846v1_genomic	12	10383
12447_H3WL3BCXX-1_R1p.fastq.gz	GCA_019668465.1_ASM1966846v1_genomic	13	8453
12447_H3WL3BCXX-1_R1p.fastq.gz	GCA_019668465.1_ASM1966846v1_genomic	14	6895
12447_H3WL3BCXX-1_R1p.fastq.gz	GCA_019668465.1_ASM1966846v1_genomic	15	5600
12447_H3WL3BCXX-1_R1p.fastq.gz	GCA_019668465.1_ASM1966846v1_genomic	16	3996
12447_H3WL3BCXX-1_R1p.fastq.gz	GCA_019668465.1_ASM1966846v1_genomic	17	2774
12447_H3WL3BCXX-1_R1p.fastq.gz	GCA_019668465.1_ASM1966846v1_genomic	18	2383
12447_H3WL3BCXX-1_R1p.fastq.gz	GCA_019668465.1_ASM1966846v1_genomic	19	2084
12447_H3WL3BCXX-1_R1p.fastq.gz	GCA_019668465.1_ASM1966846v1_genomic	20	1942
12447_H3WL3BCXX-1_R1p.fastq.gz	GCA_019668465.1_ASM1966846v1_genomic	21	1640
12447_H3WL3BCXX-1_R1p.fastq.gz	GCA_019668465.1_ASM1966846v1_genomic	22	1552
12447_H3WL3BCXX-1_R1p.fastq.gz	GCA_019668465.1_ASM1966846v1_genomic	23	1395
12447_H3WL3BCXX-1_R1p.fastq.gz	GCA_019668465.1_ASM1966846v1_genomic	24	1281
12447_H3WL3BCXX-1_R1p.fastq.gz	GCA_019668465.1_ASM1966846v1_genomic	25	999
12447_H3WL3BCXX-1_R1p.fastq.gz	GCA_019668465.1_ASM1966846v1_genomic	26	694
12447_H3WL3BCXX-1_R1p.fastq.gz	GCA_019668465.1_ASM1966846v1_genomic	27	572
12447_H3WL3BCXX-1_R1p.fastq.gz	GCA_019668465.1_ASM1966846v1_genomic	28	526
12447_H3WL3BCXX-1_R1p.fastq.gz	GCA_019668465.1_ASM1966846v1_genomic	29	525
12447_H3WL3BCXX-1_R1p.fastq.gz	GCA_019668465.1_ASM1966846v1_genomic	30	468
12447_H3WL3BCXX-1_R1p.fastq.gz	GCA_019668465.1_ASM1966846v1_genomic	31	362
12447_H3WL3BCXX-1_R1p.fastq.gz	GCA_019668465.1_ASM1966846v1_genomic	32	352
12447_H3WL3BCXX-1_R1p.fastq.gz	GCA_019668465.1_ASM1966846v1_genomic	33	392
12447_H3WL3BCXX-1_R1p.fastq.gz	GCA_019668465.1_ASM1966846v1_genomic	34	343
12447_H3WL3BCXX-1_R1p.fastq.gz	GCA_019668465.1_ASM1966846v1_genomic	35	234
12447_H3WL3BCXX-1_R1p.fastq.gz	GCA_019668465.1_ASM1966846v1_genomic	36	223
12447_H3WL3BCXX-1_R1p.fastq.gz	GCA_019668465.1_ASM1966846v1_genomic	37	193
12447_H3WL3BCXX-1_R1p.fastq.gz	GCA_019668465.1_ASM1966846v1_genomic	38	245
12447_H3WL3BCXX-1_R1p.fastq.gz	GCA_019668465.1_ASM1966846v1_genomic	39	243
12447_H3WL3BCXX-1_R1p.fastq.gz	GCA_019668465.1_ASM1966846v1_genomic	40	183
12447_H3WL3BCXX-1_R1p.fastq.gz	GCA_019668465.1_ASM1966846v1_genomic	41	150
12447_H3WL3BCXX-1_R1p.fastq.gz	GCA_019668465.1_ASM1966846v1_genomic	42	213
12447_H3WL3BCXX-1_R1p.fastq.gz	GCA_019668465.1_ASM1966846v1_genomic	43	141
12447_H3WL3BCXX-1_R1p.fastq.gz	GCA_019668465.1_ASM1966846v1_genomic	44	113
12447_H3WL3BCXX-1_R1p.fastq.gz	GCA_019668465.1_ASM1966846v1_genomic	45	121
12447_H3WL3BCXX-1_R1p.fastq.gz	GCA_019668465.1_ASM1966846v1_genomic	46	121
12447_H3WL3BCXX-1_R1p.fastq.gz	GCA_019668465.1_ASM1966846v1_genomic	47	185
12447_H3WL3BCXX-1_R1p.fastq.gz	GCA_019668465.1_ASM1966846v1_genomic	48	193
12447_H3WL3BCXX-1_R1p.fastq.gz	GCA_019668465.1_ASM1966846v1_genomic	49	164
12447_H3WL3BCXX-1_R1p.fastq.gz	GCA_019668465.1_ASM1966846v1_genomic	50	161
12447_H3WL3BCXX-1_R1p.fastq.gz	GCA_019668465.1_ASM1966846v1_genomic	51	103
12447_H3WL3BCXX-1_R1p.fastq.gz	GCA_019668465.1_ASM1966846v1_genomic	52	110
12447_H3WL3BCXX-1_R1p.fastq.gz	GCA_019668465.1_ASM1966846v1_genomic	53	76
12447_H3WL3BCXX-1_R1p.fastq.gz	GCA_019668465.1_ASM1966846v1_genomic	54	89
12447_H3WL3BCXX-1_R1p.fastq.gz	GCA_019668465.1_ASM1966846v1_genomic	55	72
12447_H3WL3BCXX-1_R1p.fastq.gz	GCA_019668465.1_ASM1966846v1_genomic	56	61
12447_H3WL3BCXX-1_R1p.fastq.gz	GCA_019668465.1_ASM1966846v1_genomic	57	40
12447_H3WL3BCXX-1_R1p.fastq.gz	GCA_019668465.1_ASM1966846v1_genomic	58	49
12447_H3WL3BCXX-1_R1p.fastq.gz	GCA_019668465.1_ASM1966846v1_genomic	59	57
12447_H3WL3BCXX-1_R1p.fastq.gz	GCA_019668465.1_ASM1966846v1_genomic	60	66
12447_H3WL3BCXX-1_R1p.fastq.gz	GCA_019668465.1_ASM1966846v1_genomic	61	81
12447_H3WL3BCXX-1_R1p.fastq.gz	GCA_019668465.1_ASM1966846v1_genomic	62	51
12447_H3WL3BCXX-1_R1p.fastq.gz	GCA_019668465.1_ASM1966846v1_genomic	63	42
12447_H3WL3BCXX-1_R1p.fastq.gz	GCA_019668465.1_ASM1966846v1_genomic	64	79
12447_H3WL3BCXX-1_R1p.fastq.gz	GCA_019668465.1_ASM1966846v1_genomic	65	51
12447_H3WL3BCXX-1_R1p.fastq.gz	GCA_019668465.1_ASM1966846v1_genomic	66	16
12447_H3WL3BCXX-1_R1p.fastq.gz	GCA_019668465.1_ASM1966846v1_genomic	67	40
12447_H3WL3BCXX-1_R1p.fastq.gz	GCA_019668465.1_ASM1966846v1_genomic	68	43
12447_H3WL3BCXX-1_R1p.fastq.gz	GCA_019668465.1_ASM1966846v1_genomic	69	38
12447_H3WL3BCXX-1_R1p.fastq.gz	GCA_019668465.1_ASM1966846v1_genomic	70	62
12447_H3WL3BCXX-1_R1p.fastq.gz	GCA_019668465.1_ASM1966846v1_genomic	71	37
12447_H3WL3BCXX-1_R1p.fastq.gz	GCA_019668465.1_ASM1966846v1_genomic	72	40
12447_H3WL3BCXX-1_R1p.fastq.gz	GCA_019668465.1_ASM1966846v1_genomic	73	50
12447_H3WL3BCXX-1_R1p.fastq.gz	GCA_019668465.1_ASM1966846v1_genomic	74	48
12447_H3WL3BCXX-1_R1p.fastq.gz	GCA_019668465.1_ASM1966846v1_genomic	75	50
12447_H3WL3BCXX-1_R1p.fastq.gz	GCA_019668465.1_ASM1966846v1_genomic	76	23
12447_H3WL3BCXX-1_R1p.fastq.gz	GCA_019668465.1_ASM1966846v1_genomic	77	41
12447_H3WL3BCXX-1_R1p.fastq.gz	GCA_019668465.1_ASM1966846v1_genomic	78	23
12447_H3WL3BCXX-1_R1p.fastq.gz	GCA_019668465.1_ASM1966846v1_genomic	79	9
12447_H3WL3BCXX-1_R1p.fastq.gz	GCA_019668465.1_ASM1966846v1_genomic	80	9
12447_H3WL3BCXX-1_R1p.fastq.gz	GCA_019668465.1_ASM1966846v1_genomic	81	21
12447_H3WL3BCXX-1_R1p.fastq.gz	GCA_019668465.1_ASM1966846v1_genomic	82	29
12447_H3WL3BCXX-1_R1p.fastq.gz	GCA_019668465.1_ASM1966846v1_genomic	83	41
12447_H3WL3BCXX-1_R1p.fastq.gz	GCA_019668465.1_ASM1966846v1_genomic	84	19
12447_H3WL3BCXX-1_R1p.fastq.gz	GCA_019668465.1_ASM1966846v1_genomic	85	15
12447_H3WL3BCXX-1_R1p.fastq.gz	GCA_019668465.1_ASM1966846v1_genomic	86	4
12447_H3WL3BCXX-1_R1p.fastq.gz	GCA_019668465.1_ASM1966846v1_genomic	87	2
12447_H3WL3BCXX-1_R1p.fastq.gz	GCA_019668465.1_ASM1966846v1_genomic	88	0
12447_H3WL3BCXX-1_R1p.fastq.gz	GCA_019668465.1_ASM1966846v1_genomic	89	7
12447_H3WL3BCXX-1_R1p.fastq.gz	GCA_019668465.1_ASM1966846v1_genomic	90	4
12447_H3WL3BCXX-1_R1p.fastq.gz	GCA_019668465.1_ASM1966846v1_genomic	91	9
12447_H3WL3BCXX-1_R1p.fastq.gz	GCA_019668465.1_ASM1966846v1_genomic	92	5
12447_H3WL3BCXX-1_R1p.fastq.gz	GCA_019668465.1_ASM1966846v1_genomic	93	2
12447_H3WL3BCXX-1_R1p.fastq.gz	GCA_019668465.1_ASM1966846v1_genomic	94	12
12447_H3WL3BCXX-1_R1p.fastq.gz	GCA_019668465.1_ASM1966846v1_genomic	95	12
12447_H3WL3BCXX-1_R1p.fastq.gz	GCA_019668465.1_ASM1966846v1_genomic	96	14
12447_H3WL3BCXX-1_R1p.fastq.gz	GCA_019668465.1_ASM1966846v1_genomic	97	22
12447_H3WL3BCXX-1_R1p.fastq.gz	GCA_019668465.1_ASM1966846v1_genomic	98	5
12447_H3WL3BCXX-1_R1p.fastq.gz	GCA_019668465.1_ASM1966846v1_genomic	99	9
12447_H3WL3BCXX-1_R1p.fastq.gz	GCA_019668465.1_ASM1966846v1_genomic	100	10
12447_H3WL3BCXX-1_R1p.fastq.gz	GCA_019668465.1_ASM1966846v1_genomic	101	14
12447_H3WL3BCXX-1_R1p.fastq.gz	GCA_019668465.1_ASM1966846v1_genomic	102	6
12447_H3WL3BCXX-1_R1p.fastq.gz	GCA_019668465.1_ASM1966846v1_genomic	103	5
12447_H3WL3BCXX-1_R1p.fastq.gz	GCA_019668465.1_ASM1966846v1_genomic	104	6
12447_H3WL3BCXX-1_R1p.fastq.gz	GCA_019668465.1_ASM1966846v1_genomic	105	8
12447_H3WL3BCXX-1_R1p.fastq.gz	GCA_019668465.1_ASM1966846v1_genomic	106	18
12447_H3WL3BCXX-1_R1p.fastq.gz	GCA_019668465.1_ASM1966846v1_genomic	107	5
12447_H3WL3BCXX-1_R1p.fastq.gz	GCA_019668465.1_ASM1966846v1_genomic	108	3
12447_H3WL3BCXX-1_R1p.fastq.gz	GCA_019668465.1_ASM1966846v1_genomic	109	4
12447_H3WL3BCXX-1_R1p.fastq.gz	GCA_019668465.1_ASM1966846v1_genomic	110	7
12447_H3WL3BCXX-1_R1p.fastq.gz	GCA_019668465.1_ASM1966846v1_genomic	111	13
12447_H3WL3BCXX-1_R1p.fastq.gz	GCA_019668465.1_ASM1966846v1_genomic	112	14
12447_H3WL3BCXX-1_R1p.fastq.gz	GCA_019668465.1_ASM1966846v1_genomic	113	4
12447_H3WL3BCXX-1_R1p.fastq.gz	GCA_019668465.1_ASM1966846v1_genomic	114	3
12447_H3WL3BCXX-1_R1p.fastq.gz	GCA_019668465.1_ASM1966846v1_genomic	115	3
12447_H3WL3BCXX-1_R1p.fastq.gz	GCA_019668465.1_ASM1966846v1_genomic	116	6
12447_H3WL3BCXX-1_R1p.fastq.gz	GCA_019668465.1_ASM1966846v1_genomic	117	3
12447_H3WL3BCXX-1_R1p.fastq.gz	GCA_019668465.1_ASM1966846v1_genomic	118	4
12447_H3WL3BCXX-1_R1p.fastq.gz	GCA_019668465.1_ASM1966846v1_genomic	119	2
12447_H3WL3BCXX-1_R1p.fastq.gz	GCA_019668465.1_ASM1966846v1_genomic	120	3
12447_H3WL3BCXX-1_R1p.fastq.gz	GCA_019668465.1_ASM1966846v1_genomic	121	4
12447_H3WL3BCXX-1_R1p.fastq.gz	GCA_019668465.1_ASM1966846v1_genomic	122	9
12447_H3WL3BCXX-1_R1p.fastq.gz	GCA_019668465.1_ASM1966846v1_genomic	123	4
12447_H3WL3BCXX-1_R1p.fastq.gz	GCA_019668465.1_ASM1966846v1_genomic	124	2
12447_H3WL3BCXX-1_R1p.fastq.gz	GCA_019668465.1_ASM1966846v1_genomic	125	4
12447_H3WL3BCXX-1_R1p.fastq.gz	GCA_019668465.1_ASM1966846v1_genomic	126	0
12447_H3WL3BCXX-1_R1p.fastq.gz	GCA_019668465.1_ASM1966846v1_genomic	127	1
12447_H3WL3BCXX-1_R1p.fastq.gz	GCA_019668465.1_ASM1966846v1_genomic	128	6
12447_H3WL3BCXX-1_R1p.fastq.gz	GCA_019668465.1_ASM1966846v1_genomic	129	6
12447_H3WL3BCXX-1_R1p.fastq.gz	GCA_019668465.1_ASM1966846v1_genomic	130	3
12447_H3WL3BCXX-1_R1p.fastq.gz	GCA_019668465.1_ASM1966846v1_genomic	131	5
12447_H3WL3BCXX-1_R1p.fastq.gz	GCA_019668465.1_ASM1966846v1_genomic	132	10
12447_H3WL3BCXX-1_R1p.fastq.gz	GCA_019668465.1_ASM1966846v1_genomic	133	7
12447_H3WL3BCXX-1_R1p.fastq.gz	GCA_019668465.1_ASM1966846v1_genomic	134	5
12447_H3WL3BCXX-1_R1p.fastq.gz	GCA_019668465.1_ASM1966846v1_genomic	135	6
12447_H3WL3BCXX-1_R1p.fastq.gz	GCA_019668465.1_ASM1966846v1_genomic	136	17
12447_H3WL3BCXX-1_R1p.fastq.gz	GCA_019668465.1_ASM1966846v1_genomic	137	10
12447_H3WL3BCXX-1_R1p.fastq.gz	GCA_019668465.1_ASM1966846v1_genomic	138	5
12447_H3WL3BCXX-1_R1p.fastq.gz	GCA_019668465.1_ASM1966846v1_genomic	139	4
12447_H3WL3BCXX-1_R1p.fastq.gz	GCA_019668465.1_ASM1966846v1_genomic	140	1
12447_H3WL3BCXX-1_R1p.fastq.gz	GCA_019668465.1_ASM1966846v1_genomic	141	2
12447_H3WL3BCXX-1_R1p.fastq.gz	GCA_019668465.1_ASM1966846v1_genomic	142	4
12447_H3WL3BCXX-1_R1p.fastq.gz	GCA_019668465.1_ASM1966846v1_genomic	143	2
12447_H3WL3BCXX-1_R1p.fastq.gz	GCA_019668465.1_ASM1966846v1_genomic	144	5
12447_H3WL3BCXX-1_R1p.fastq.gz	GCA_019668465.1_ASM1966846v1_genomic	145	4
12447_H3WL3BCXX-1_R1p.fastq.gz	GCA_019668465.1_ASM1966846v1_genomic	146	3
12447_H3WL3BCXX-1_R1p.fastq.gz	GCA_019668465.1_ASM1966846v1_genomic	147	11
12447_H3WL3BCXX-1_R1p.fastq.gz	GCA_019668465.1_ASM1966846v1_genomic	148	15
12447_H3WL3BCXX-1_R1p.fastq.gz	GCA_019668465.1_ASM1966846v1_genomic	149	12
12447_H3WL3BCXX-1_R1p.fastq.gz	GCA_019668465.1_ASM1966846v1_genomic	150	8
12447_H3WL3BCXX-1_R1p.fastq.gz	GCA_019668465.1_ASM1966846v1_genomic	151	9
12447_H3WL3BCXX-1_R1p.fastq.gz	GCA_019668465.1_ASM1966846v1_genomic	152	5
12447_H3WL3BCXX-1_R1p.fastq.gz	GCA_019668465.1_ASM1966846v1_genomic	153	4
12447_H3WL3BCXX-1_R1p.fastq.gz	GCA_019668465.1_ASM1966846v1_genomic	154	11
12447_H3WL3BCXX-1_R1p.fastq.gz	GCA_019668465.1_ASM1966846v1_genomic	155	8
12447_H3WL3BCXX-1_R1p.fastq.gz	GCA_019668465.1_ASM1966846v1_genomic	156	4
12447_H3WL3BCXX-1_R1p.fastq.gz	GCA_019668465.1_ASM1966846v1_genomic	157	8
12447_H3WL3BCXX-1_R1p.fastq.gz	GCA_019668465.1_ASM1966846v1_genomic	158	2
12447_H3WL3BCXX-1_R1p.fastq.gz	GCA_019668465.1_ASM1966846v1_genomic	159	3
12447_H3WL3BCXX-1_R1p.fastq.gz	GCA_019668465.1_ASM1966846v1_genomic	160	3
12447_H3WL3BCXX-1_R1p.fastq.gz	GCA_019668465.1_ASM1966846v1_genomic	161	3
12447_H3WL3BCXX-1_R1p.fastq.gz	GCA_016616885.1_ASM1661688v1_genomic	0	5941093
12447_H3WL3BCXX-1_R1p.fastq.gz	GCA_016616885.1_ASM1661688v1_genomic	1	686959
12447_H3WL3BCXX-1_R1p.fastq.gz	GCA_016616885.1_ASM1661688v1_genomic	2	342767
12447_H3WL3BCXX-1_R1p.fastq.gz	GCA_016616885.1_ASM1661688v1_genomic	3	223095
12447_H3WL3BCXX-1_R1p.fastq.gz	GCA_016616885.1_ASM1661688v1_genomic	4	156935
12447_H3WL3BCXX-1_R1p.fastq.gz	GCA_016616885.1_ASM1661688v1_genomic	5	118943
12447_H3WL3BCXX-1_R1p.fastq.gz	GCA_016616885.1_ASM1661688v1_genomic	6	93384
12447_H3WL3BCXX-1_R1p.fastq.gz	GCA_016616885.1_ASM1661688v1_genomic	7	74711
12447_H3WL3BCXX-1_R1p.fastq.gz	GCA_016616885.1_ASM1661688v1_genomic	8	60750
12447_H3WL3BCXX-1_R1p.fastq.gz	GCA_016616885.1_ASM1661688v1_genomic	9	51186
12447_H3WL3BCXX-1_R1p.fastq.gz	GCA_016616885.1_ASM1661688v1_genomic	10	42261
12447_H3WL3BCXX-1_R1p.fastq.gz	GCA_016616885.1_ASM1661688v1_genomic	11	34860
12447_H3WL3BCXX-1_R1p.fastq.gz	GCA_016616885.1_ASM1661688v1_genomic	12	29199
12447_H3WL3BCXX-1_R1p.fastq.gz	GCA_016616885.1_ASM1661688v1_genomic	13	24294
12447_H3WL3BCXX-1_R1p.fastq.gz	GCA_016616885.1_ASM1661688v1_genomic	14	21796
12447_H3WL3BCXX-1_R1p.fastq.gz	GCA_016616885.1_ASM1661688v1_genomic	15	18269
12447_H3WL3BCXX-1_R1p.fastq.gz	GCA_016616885.1_ASM1661688v1_genomic	16	15221
12447_H3WL3BCXX-1_R1p.fastq.gz	GCA_016616885.1_ASM1661688v1_genomic	17	13557
12447_H3WL3BCXX-1_R1p.fastq.gz	GCA_016616885.1_ASM1661688v1_genomic	18	11645
12447_H3WL3BCXX-1_R1p.fastq.gz	GCA_016616885.1_ASM1661688v1_genomic	19	10297
12447_H3WL3BCXX-1_R1p.fastq.gz	GCA_016616885.1_ASM1661688v1_genomic	20	9394
12447_H3WL3BCXX-1_R1p.fastq.gz	GCA_016616885.1_ASM1661688v1_genomic	21	8387
12447_H3WL3BCXX-1_R1p.fastq.gz	GCA_016616885.1_ASM1661688v1_genomic	22	7090
12447_H3WL3BCXX-1_R1p.fastq.gz	GCA_016616885.1_ASM1661688v1_genomic	23	6257
12447_H3WL3BCXX-1_R1p.fastq.gz	GCA_016616885.1_ASM1661688v1_genomic	24	5614
12447_H3WL3BCXX-1_R1p.fastq.gz	GCA_016616885.1_ASM1661688v1_genomic	25	5086
12447_H3WL3BCXX-1_R1p.fastq.gz	GCA_016616885.1_ASM1661688v1_genomic	26	4748
12447_H3WL3BCXX-1_R1p.fastq.gz	GCA_016616885.1_ASM1661688v1_genomic	27	4330
12447_H3WL3BCXX-1_R1p.fastq.gz	GCA_016616885.1_ASM1661688v1_genomic	28	3841
12447_H3WL3BCXX-1_R1p.fastq.gz	GCA_016616885.1_ASM1661688v1_genomic	29	3451
12447_H3WL3BCXX-1_R1p.fastq.gz	GCA_016616885.1_ASM1661688v1_genomic	30	3199
12447_H3WL3BCXX-1_R1p.fastq.gz	GCA_016616885.1_ASM1661688v1_genomic	31	2937
12447_H3WL3BCXX-1_R1p.fastq.gz	GCA_016616885.1_ASM1661688v1_genomic	32	2868
12447_H3WL3BCXX-1_R1p.fastq.gz	GCA_016616885.1_ASM1661688v1_genomic	33	2626
12447_H3WL3BCXX-1_R1p.fastq.gz	GCA_016616885.1_ASM1661688v1_genomic	34	2263
12447_H3WL3BCXX-1_R1p.fastq.gz	GCA_016616885.1_ASM1661688v1_genomic	35	2218
12447_H3WL3BCXX-1_R1p.fastq.gz	GCA_016616885.1_ASM1661688v1_genomic	36	2315
12447_H3WL3BCXX-1_R1p.fastq.gz	GCA_016616885.1_ASM1661688v1_genomic	37	1841
12447_H3WL3BCXX-1_R1p.fastq.gz	GCA_016616885.1_ASM1661688v1_genomic	38	1526
12447_H3WL3BCXX-1_R1p.fastq.gz	GCA_016616885.1_ASM1661688v1_genomic	39	1562
12447_H3WL3BCXX-1_R1p.fastq.gz	GCA_016616885.1_ASM1661688v1_genomic	40	1406
12447_H3WL3BCXX-1_R1p.fastq.gz	GCA_016616885.1_ASM1661688v1_genomic	41	1491
12447_H3WL3BCXX-1_R1p.fastq.gz	GCA_016616885.1_ASM1661688v1_genomic	42	1309
12447_H3WL3BCXX-1_R1p.fastq.gz	GCA_016616885.1_ASM1661688v1_genomic	43	1427
12447_H3WL3BCXX-1_R1p.fastq.gz	GCA_016616885.1_ASM1661688v1_genomic	44	1062
12447_H3WL3BCXX-1_R1p.fastq.gz	GCA_016616885.1_ASM1661688v1_genomic	45	924
12447_H3WL3BCXX-1_R1p.fastq.gz	GCA_016616885.1_ASM1661688v1_genomic	46	957
12447_H3WL3BCXX-1_R1p.fastq.gz	GCA_016616885.1_ASM1661688v1_genomic	47	902
12447_H3WL3BCXX-1_R1p.fastq.gz	GCA_016616885.1_ASM1661688v1_genomic	48	795
12447_H3WL3BCXX-1_R1p.fastq.gz	GCA_016616885.1_ASM1661688v1_genomic	49	700
12447_H3WL3BCXX-1_R1p.fastq.gz	GCA_016616885.1_ASM1661688v1_genomic	50	719
12447_H3WL3BCXX-1_R1p.fastq.gz	GCA_016616885.1_ASM1661688v1_genomic	51	625
12447_H3WL3BCXX-1_R1p.fastq.gz	GCA_016616885.1_ASM1661688v1_genomic	52	682
12447_H3WL3BCXX-1_R1p.fastq.gz	GCA_016616885.1_ASM1661688v1_genomic	53	704
12447_H3WL3BCXX-1_R1p.fastq.gz	GCA_016616885.1_ASM1661688v1_genomic	54	693
12447_H3WL3BCXX-1_R1p.fastq.gz	GCA_016616885.1_ASM1661688v1_genomic	55	577
12447_H3WL3BCXX-1_R1p.fastq.gz	GCA_016616885.1_ASM1661688v1_genomic	56	482
12447_H3WL3BCXX-1_R1p.fastq.gz	GCA_016616885.1_ASM1661688v1_genomic	57	556
12447_H3WL3BCXX-1_R1p.fastq.gz	GCA_016616885.1_ASM1661688v1_genomic	58	489
12447_H3WL3BCXX-1_R1p.fastq.gz	GCA_016616885.1_ASM1661688v1_genomic	59	520
12447_H3WL3BCXX-1_R1p.fastq.gz	GCA_016616885.1_ASM1661688v1_genomic	60	491
12447_H3WL3BCXX-1_R1p.fastq.gz	GCA_016616885.1_ASM1661688v1_genomic	61	340
12447_H3WL3BCXX-1_R1p.fastq.gz	GCA_016616885.1_ASM1661688v1_genomic	62	422
12447_H3WL3BCXX-1_R1p.fastq.gz	GCA_016616885.1_ASM1661688v1_genomic	63	329
12447_H3WL3BCXX-1_R1p.fastq.gz	GCA_016616885.1_ASM1661688v1_genomic	64	391
12447_H3WL3BCXX-1_R1p.fastq.gz	GCA_016616885.1_ASM1661688v1_genomic	65	344
12447_H3WL3BCXX-1_R1p.fastq.gz	GCA_016616885.1_ASM1661688v1_genomic	66	335
12447_H3WL3BCXX-1_R1p.fastq.gz	GCA_016616885.1_ASM1661688v1_genomic	67	289
12447_H3WL3BCXX-1_R1p.fastq.gz	GCA_016616885.1_ASM1661688v1_genomic	68	321
12447_H3WL3BCXX-1_R1p.fastq.gz	GCA_016616885.1_ASM1661688v1_genomic	69	271
12447_H3WL3BCXX-1_R1p.fastq.gz	GCA_016616885.1_ASM1661688v1_genomic	70	269
12447_H3WL3BCXX-1_R1p.fastq.gz	GCA_016616885.1_ASM1661688v1_genomic	71	232
12447_H3WL3BCXX-1_R1p.fastq.gz	GCA_016616885.1_ASM1661688v1_genomic	72	223
12447_H3WL3BCXX-1_R1p.fastq.gz	GCA_016616885.1_ASM1661688v1_genomic	73	255
12447_H3WL3BCXX-1_R1p.fastq.gz	GCA_016616885.1_ASM1661688v1_genomic	74	285
12447_H3WL3BCXX-1_R1p.fastq.gz	GCA_016616885.1_ASM1661688v1_genomic	75	297
12447_H3WL3BCXX-1_R1p.fastq.gz	GCA_016616885.1_ASM1661688v1_genomic	76	346
12447_H3WL3BCXX-1_R1p.fastq.gz	GCA_016616885.1_ASM1661688v1_genomic	77	249
12447_H3WL3BCXX-1_R1p.fastq.gz	GCA_016616885.1_ASM1661688v1_genomic	78	223
12447_H3WL3BCXX-1_R1p.fastq.gz	GCA_016616885.1_ASM1661688v1_genomic	79	211
12447_H3WL3BCXX-1_R1p.fastq.gz	GCA_016616885.1_ASM1661688v1_genomic	80	231
12447_H3WL3BCXX-1_R1p.fastq.gz	GCA_016616885.1_ASM1661688v1_genomic	81	176
12447_H3WL3BCXX-1_R1p.fastq.gz	GCA_016616885.1_ASM1661688v1_genomic	82	168
12447_H3WL3BCXX-1_R1p.fastq.gz	GCA_016616885.1_ASM1661688v1_genomic	83	178
12447_H3WL3BCXX-1_R1p.fastq.gz	GCA_016616885.1_ASM1661688v1_genomic	84	165
12447_H3WL3BCXX-1_R1p.fastq.gz	GCA_016616885.1_ASM1661688v1_genomic	85	181
12447_H3WL3BCXX-1_R1p.fastq.gz	GCA_016616885.1_ASM1661688v1_genomic	86	215
12447_H3WL3BCXX-1_R1p.fastq.gz	GCA_016616885.1_ASM1661688v1_genomic	87	197
12447_H3WL3BCXX-1_R1p.fastq.gz	GCA_016616885.1_ASM1661688v1_genomic	88	197
12447_H3WL3BCXX-1_R1p.fastq.gz	GCA_016616885.1_ASM1661688v1_genomic	89	154
12447_H3WL3BCXX-1_R1p.fastq.gz	GCA_016616885.1_ASM1661688v1_genomic	90	141
12447_H3WL3BCXX-1_R1p.fastq.gz	GCA_016616885.1_ASM1661688v1_genomic	91	121
12447_H3WL3BCXX-1_R1p.fastq.gz	GCA_016616885.1_ASM1661688v1_genomic	92	109
12447_H3WL3BCXX-1_R1p.fastq.gz	GCA_016616885.1_ASM1661688v1_genomic	93	118
12447_H3WL3BCXX-1_R1p.fastq.gz	GCA_016616885.1_ASM1661688v1_genomic	94	130
12447_H3WL3BCXX-1_R1p.fastq.gz	GCA_016616885.1_ASM1661688v1_genomic	95	124
12447_H3WL3BCXX-1_R1p.fastq.gz	GCA_016616885.1_ASM1661688v1_genomic	96	113
12447_H3WL3BCXX-1_R1p.fastq.gz	GCA_016616885.1_ASM1661688v1_genomic	97	98
12447_H3WL3BCXX-1_R1p.fastq.gz	GCA_016616885.1_ASM1661688v1_genomic	98	94
12447_H3WL3BCXX-1_R1p.fastq.gz	GCA_016616885.1_ASM1661688v1_genomic	99	91
12447_H3WL3BCXX-1_R1p.fastq.gz	GCA_016616885.1_ASM1661688v1_genomic	100	91
12447_H3WL3BCXX-1_R1p.fastq.gz	GCA_016616885.1_ASM1661688v1_genomic	101	71
12447_H3WL3BCXX-1_R1p.fastq.gz	GCA_016616885.1_ASM1661688v1_genomic	102	70
12447_H3WL3BCXX-1_R1p.fastq.gz	GCA_016616885.1_ASM1661688v1_genomic	103	106
12447_H3WL3BCXX-1_R1p.fastq.gz	GCA_016616885.1_ASM1661688v1_genomic	104	116
12447_H3WL3BCXX-1_R1p.fastq.gz	GCA_016616885.1_ASM1661688v1_genomic	105	108
12447_H3WL3BCXX-1_R1p.fastq.gz	GCA_016616885.1_ASM1661688v1_genomic	106	100
12447_H3WL3BCXX-1_R1p.fastq.gz	GCA_016616885.1_ASM1661688v1_genomic	107	105
12447_H3WL3BCXX-1_R1p.fastq.gz	GCA_016616885.1_ASM1661688v1_genomic	108	93
12447_H3WL3BCXX-1_R1p.fastq.gz	GCA_016616885.1_ASM1661688v1_genomic	109	104
12447_H3WL3BCXX-1_R1p.fastq.gz	GCA_016616885.1_ASM1661688v1_genomic	110	97
12447_H3WL3BCXX-1_R1p.fastq.gz	GCA_016616885.1_ASM1661688v1_genomic	111	74
12447_H3WL3BCXX-1_R1p.fastq.gz	GCA_016616885.1_ASM1661688v1_genomic	112	64
12447_H3WL3BCXX-1_R1p.fastq.gz	GCA_016616885.1_ASM1661688v1_genomic	113	85
12447_H3WL3BCXX-1_R1p.fastq.gz	GCA_016616885.1_ASM1661688v1_genomic	114	65
12447_H3WL3BCXX-1_R1p.fastq.gz	GCA_016616885.1_ASM1661688v1_genomic	115	72
12447_H3WL3BCXX-1_R1p.fastq.gz	GCA_016616885.1_ASM1661688v1_genomic	116	71
12447_H3WL3BCXX-1_R1p.fastq.gz	GCA_016616885.1_ASM1661688v1_genomic	117	71
12447_H3WL3BCXX-1_R1p.fastq.gz	GCA_016616885.1_ASM1661688v1_genomic	118	70
12447_H3WL3BCXX-1_R1p.fastq.gz	GCA_016616885.1_ASM1661688v1_genomic	119	87
12447_H3WL3BCXX-1_R1p.fastq.gz	GCA_016616885.1_ASM1661688v1_genomic	120	89
12447_H3WL3BCXX-1_R1p.fastq.gz	GCA_016616885.1_ASM1661688v1_genomic	121	81
12447_H3WL3BCXX-1_R1p.fastq.gz	GCA_016616885.1_ASM1661688v1_genomic	122	58
12447_H3WL3BCXX-1_R1p.fastq.gz	GCA_016616885.1_ASM1661688v1_genomic	123	65
12447_H3WL3BCXX-1_R1p.fastq.gz	GCA_016616885.1_ASM1661688v1_genomic	124	90
12447_H3WL3BCXX-1_R1p.fastq.gz	GCA_016616885.1_ASM1661688v1_genomic	125	95
12447_H3WL3BCXX-1_R1p.fastq.gz	GCA_016616885.1_ASM1661688v1_genomic	126	75
12447_H3WL3BCXX-1_R1p.fastq.gz	GCA_016616885.1_ASM1661688v1_genomic	127	70
12447_H3WL3BCXX-1_R1p.fastq.gz	GCA_016616885.1_ASM1661688v1_genomic	128	49
12447_H3WL3BCXX-1_R1p.fastq.gz	GCA_016616885.1_ASM1661688v1_genomic	129	46
12447_H3WL3BCXX-1_R1p.fastq.gz	GCA_016616885.1_ASM1661688v1_genomic	130	67
12447_H3WL3BCXX-1_R1p.fastq.gz	GCA_016616885.1_ASM1661688v1_genomic	131	35
12447_H3WL3BCXX-1_R1p.fastq.gz	GCA_016616885.1_ASM1661688v1_genomic	132	31
12447_H3WL3BCXX-1_R1p.fastq.gz	GCA_016616885.1_ASM1661688v1_genomic	133	48
12447_H3WL3BCXX-1_R1p.fastq.gz	GCA_016616885.1_ASM1661688v1_genomic	134	45
12447_H3WL3BCXX-1_R1p.fastq.gz	GCA_016616885.1_ASM1661688v1_genomic	135	42
12447_H3WL3BCXX-1_R1p.fastq.gz	GCA_016616885.1_ASM1661688v1_genomic	136	43
12447_H3WL3BCXX-1_R1p.fastq.gz	GCA_016616885.1_ASM1661688v1_genomic	137	40
12447_H3WL3BCXX-1_R1p.fastq.gz	GCA_016616885.1_ASM1661688v1_genomic	138	36
12447_H3WL3BCXX-1_R1p.fastq.gz	GCA_016616885.1_ASM1661688v1_genomic	139	33
12447_H3WL3BCXX-1_R1p.fastq.gz	GCA_016616885.1_ASM1661688v1_genomic	140	26
12447_H3WL3BCXX-1_R1p.fastq.gz	GCA_016616885.1_ASM1661688v1_genomic	141	46
12447_H3WL3BCXX-1_R1p.fastq.gz	GCA_016616885.1_ASM1661688v1_genomic	142	31
12447_H3WL3BCXX-1_R1p.fastq.gz	GCA_016616885.1_ASM1661688v1_genomic	143	39
12447_H3WL3BCXX-1_R1p.fastq.gz	GCA_016616885.1_ASM1661688v1_genomic	144	37
12447_H3WL3BCXX-1_R1p.fastq.gz	GCA_016616885.1_ASM1661688v1_genomic	145	30
12447_H3WL3BCXX-1_R1p.fastq.gz	GCA_016616885.1_ASM1661688v1_genomic	146	21
12447_H3WL3BCXX-1_R1p.fastq.gz	GCA_016616885.1_ASM1661688v1_genomic	147	24
12447_H3WL3BCXX-1_R1p.fastq.gz	GCA_016616885.1_ASM1661688v1_genomic	148	34
12447_H3WL3BCXX-1_R1p.fastq.gz	GCA_016616885.1_ASM1661688v1_genomic	149	35
12447_H3WL3BCXX-1_R1p.fastq.gz	GCA_016616885.1_ASM1661688v1_genomic	150	26
12447_H3WL3BCXX-1_R1p.fastq.gz	GCA_016616885.1_ASM1661688v1_genomic	151	19
12447_H3WL3BCXX-1_R1p.fastq.gz	GCA_016616885.1_ASM1661688v1_genomic	152	31
12447_H3WL3BCXX-1_R1p.fastq.gz	GCA_016616885.1_ASM1661688v1_genomic	153	28
12447_H3WL3BCXX-1_R1p.fastq.gz	GCA_016616885.1_ASM1661688v1_genomic	154	28
12447_H3WL3BCXX-1_R1p.fastq.gz	GCA_016616885.1_ASM1661688v1_genomic	155	41
12447_H3WL3BCXX-1_R1p.fastq.gz	GCA_016616885.1_ASM1661688v1_genomic	156	35
12447_H3WL3BCXX-1_R1p.fastq.gz	GCA_016616885.1_ASM1661688v1_genomic	157	39
12447_H3WL3BCXX-1_R1p.fastq.gz	GCA_016616885.1_ASM1661688v1_genomic	158	37
12447_H3WL3BCXX-1_R1p.fastq.gz	GCA_016616885.1_ASM1661688v1_genomic	159	33
12447_H3WL3BCXX-1_R1p.fastq.gz	GCA_016616885.1_ASM1661688v1_genomic	160	26
12447_H3WL3BCXX-1_R1p.fastq.gz	GCA_016616885.1_ASM1661688v1_genomic	161	39
12447_H3WL3BCXX-1_R1p.fastq.gz	GCA_016616885.1_ASM1661688v1_genomic	162	22
12447_H3WL3BCXX-1_R1p.fastq.gz	GCA_016616885.1_ASM1661688v1_genomic	163	39
12447_H3WL3BCXX-1_R1p.fastq.gz	GCA_016616885.1_ASM1661688v1_genomic	164	21
12447_H3WL3BCXX-1_R1p.fastq.gz	GCA_016616885.1_ASM1661688v1_genomic	165	21
12447_H3WL3BCXX-1_R1p.fastq.gz	GCA_016616885.1_ASM1661688v1_genomic	166	21
12447_H3WL3BCXX-1_R1p.fastq.gz	GCA_016616885.1_ASM1661688v1_genomic	167	20
12447_H3WL3BCXX-1_R1p.fastq.gz	GCA_016616885.1_ASM1661688v1_genomic	168	20
12447_H3WL3BCXX-1_R1p.fastq.gz	GCA_016616885.1_ASM1661688v1_genomic	169	21
12447_H3WL3BCXX-1_R1p.fastq.gz	GCA_016616885.1_ASM1661688v1_genomic	170	17
12447_H3WL3BCXX-1_R1p.fastq.gz	GCA_016616885.1_ASM1661688v1_genomic	171	20
12447_H3WL3BCXX-1_R1p.fastq.gz	GCA_016616885.1_ASM1661688v1_genomic	172	23
12447_H3WL3BCXX-1_R1p.fastq.gz	GCA_016616885.1_ASM1661688v1_genomic	173	21
12447_H3WL3BCXX-1_R1p.fastq.gz	GCA_016616885.1_ASM1661688v1_genomic	174	13
12447_H3WL3BCXX-1_R1p.fastq.gz	GCA_016616885.1_ASM1661688v1_genomic	175	23
12447_H3WL3BCXX-1_R1p.fastq.gz	GCA_016616885.1_ASM1661688v1_genomic	176	47
12447_H3WL3BCXX-1_R1p.fastq.gz	GCA_016616885.1_ASM1661688v1_genomic	177	24
12447_H3WL3BCXX-1_R1p.fastq.gz	GCA_016616885.1_ASM1661688v1_genomic	178	35
12447_H3WL3BCXX-1_R1p.fastq.gz	GCA_016616885.1_ASM1661688v1_genomic	179	17
12447_H3WL3BCXX-1_R1p.fastq.gz	GCA_016616885.1_ASM1661688v1_genomic	180	19
12447_H3WL3BCXX-1_R1p.fastq.gz	GCA_016616885.1_ASM1661688v1_genomic	181	21
12447_H3WL3BCXX-1_R1p.fastq.gz	GCA_016616885.1_ASM1661688v1_genomic	182	30
12447_H3WL3BCXX-1_R1p.fastq.gz	GCA_016616885.1_ASM1661688v1_genomic	183	18
12447_H3WL3BCXX-1_R1p.fastq.gz	GCA_016616885.1_ASM1661688v1_genomic	184	22
12447_H3WL3BCXX-1_R1p.fastq.gz	GCA_016616885.1_ASM1661688v1_genomic	185	14
12447_H3WL3BCXX-1_R1p.fastq.gz	GCA_016616885.1_ASM1661688v1_genomic	186	26
12447_H3WL3BCXX-1_R1p.fastq.gz	GCA_016616885.1_ASM1661688v1_genomic	187	14
12447_H3WL3BCXX-1_R1p.fastq.gz	GCA_016616885.1_ASM1661688v1_genomic	188	21
12447_H3WL3BCXX-1_R1p.fastq.gz	GCA_016616885.1_ASM1661688v1_genomic	189	25
12447_H3WL3BCXX-1_R1p.fastq.gz	GCA_016616885.1_ASM1661688v1_genomic	190	28
12447_H3WL3BCXX-1_R1p.fastq.gz	GCA_016616885.1_ASM1661688v1_genomic	191	22
12447_H3WL3BCXX-1_R1p.fastq.gz	GCA_016616885.1_ASM1661688v1_genomic	192	28
12447_H3WL3BCXX-1_R1p.fastq.gz	GCA_016616885.1_ASM1661688v1_genomic	193	28
12447_H3WL3BCXX-1_R1p.fastq.gz	GCA_016616885.1_ASM1661688v1_genomic	194	29
12447_H3WL3BCXX-1_R1p.fastq.gz	GCA_016616885.1_ASM1661688v1_genomic	195	18
12447_H3WL3BCXX-1_R1p.fastq.gz	GCA_016616885.1_ASM1661688v1_genomic	196	17
12447_H3WL3BCXX-1_R1p.fastq.gz	GCA_016616885.1_ASM1661688v1_genomic	197	27
12447_H3WL3BCXX-1_R1p.fastq.gz	GCA_016616885.1_ASM1661688v1_genomic	198	17
12447_H3WL3BCXX-1_R1p.fastq.gz	GCA_016616885.1_ASM1661688v1_genomic	199	29
12447_H3WL3BCXX-1_R1p.fastq.gz	GCA_016616885.1_ASM1661688v1_genomic	200	27
12447_H3WL3BCXX-1_R1p.fastq.gz	GCA_016616885.1_ASM1661688v1_genomic	201	20
12447_H3WL3BCXX-1_R1p.fastq.gz	GCA_016616885.1_ASM1661688v1_genomic	202	23
12447_H3WL3BCXX-1_R1p.fastq.gz	GCA_016616885.1_ASM1661688v1_genomic	203	15
12447_H3WL3BCXX-1_R1p.fastq.gz	GCA_016616885.1_ASM1661688v1_genomic	204	27
12447_H3WL3BCXX-1_R1p.fastq.gz	GCA_016616885.1_ASM1661688v1_genomic	205	10
12447_H3WL3BCXX-1_R1p.fastq.gz	GCA_016616885.1_ASM1661688v1_genomic	206	12
12447_H3WL3BCXX-1_R1p.fastq.gz	GCA_016616885.1_ASM1661688v1_genomic	207	20
12447_H3WL3BCXX-1_R1p.fastq.gz	GCA_016616885.1_ASM1661688v1_genomic	208	14
12447_H3WL3BCXX-1_R1p.fastq.gz	GCA_016616885.1_ASM1661688v1_genomic	209	25
12447_H3WL3BCXX-1_R1p.fastq.gz	GCA_016616885.1_ASM1661688v1_genomic	210	25
12447_H3WL3BCXX-1_R1p.fastq.gz	GCA_016616885.1_ASM1661688v1_genomic	211	12
12447_H3WL3BCXX-1_R1p.fastq.gz	GCA_016616885.1_ASM1661688v1_genomic	212	15
12447_H3WL3BCXX-1_R1p.fastq.gz	GCA_016616885.1_ASM1661688v1_genomic	213	17
12447_H3WL3BCXX-1_R1p.fastq.gz	GCA_016616885.1_ASM1661688v1_genomic	214	12
12447_H3WL3BCXX-1_R1p.fastq.gz	GCA_016616885.1_ASM1661688v1_genomic	215	12
12447_H3WL3BCXX-1_R1p.fastq.gz	GCA_016616885.1_ASM1661688v1_genomic	216	9
12447_H3WL3BCXX-1_R1p.fastq.gz	GCA_016616885.1_ASM1661688v1_genomic	217	8
12447_H3WL3BCXX-1_R1p.fastq.gz	GCA_016616885.1_ASM1661688v1_genomic	218	15
12447_H3WL3BCXX-1_R1p.fastq.gz	GCA_016616885.1_ASM1661688v1_genomic	219	8
12447_H3WL3BCXX-1_R1p.fastq.gz	GCA_016616885.1_ASM1661688v1_genomic	220	9
12447_H3WL3BCXX-1_R1p.fastq.gz	GCA_016616885.1_ASM1661688v1_genomic	221	10
12447_H3WL3BCXX-1_R1p.fastq.gz	GCA_016616885.1_ASM1661688v1_genomic	222	15
12447_H3WL3BCXX-1_R1p.fastq.gz	GCA_016616885.1_ASM1661688v1_genomic	223	9
12447_H3WL3BCXX-1_R1p.fastq.gz	GCA_016616885.1_ASM1661688v1_genomic	224	14
12447_H3WL3BCXX-1_R1p.fastq.gz	GCA_016616885.1_ASM1661688v1_genomic	225	9
12447_H3WL3BCXX-1_R1p.fastq.gz	GCA_016616885.1_ASM1661688v1_genomic	226	11
12447_H3WL3BCXX-1_R1p.fastq.gz	GCA_016616885.1_ASM1661688v1_genomic	227	5
12447_H3WL3BCXX-1_R1p.fastq.gz	GCA_016616885.1_ASM1661688v1_genomic	228	6
12447_H3WL3BCXX-1_R1p.fastq.gz	GCA_016616885.1_ASM1661688v1_genomic	229	8
12447_H3WL3BCXX-1_R1p.fastq.gz	GCA_016616885.1_ASM1661688v1_genomic	230	12
12447_H3WL3BCXX-1_R1p.fastq.gz	GCA_016616885.1_ASM1661688v1_genomic	231	6
12447_H3WL3BCXX-1_R1p.fastq.gz	GCA_016616885.1_ASM1661688v1_genomic	232	9
12447_H3WL3BCXX-1_R1p.fastq.gz	GCA_016616885.1_ASM1661688v1_genomic	233	12
12447_H3WL3BCXX-1_R1p.fastq.gz	GCA_016616885.1_ASM1661688v1_genomic	234	7
12447_H3WL3BCXX-1_R1p.fastq.gz	GCA_016616885.1_ASM1661688v1_genomic	235	6
12447_H3WL3BCXX-1_R1p.fastq.gz	GCA_016616885.1_ASM1661688v1_genomic	236	4
12447_H3WL3BCXX-1_R1p.fastq.gz	GCA_016616885.1_ASM1661688v1_genomic	237	5
12447_H3WL3BCXX-1_R1p.fastq.gz	GCA_016616885.1_ASM1661688v1_genomic	238	9
12447_H3WL3BCXX-1_R1p.fastq.gz	GCA_016616885.1_ASM1661688v1_genomic	239	2
12447_H3WL3BCXX-1_R1p.fastq.gz	GCA_016616885.1_ASM1661688v1_genomic	240	4
12447_H3WL3BCXX-1_R1p.fastq.gz	GCA_016616885.1_ASM1661688v1_genomic	241	8
12447_H3WL3BCXX-1_R1p.fastq.gz	GCA_016616885.1_ASM1661688v1_genomic	242	9
12447_H3WL3BCXX-1_R1p.fastq.gz	GCA_016616885.1_ASM1661688v1_genomic	243	8
12447_H3WL3BCXX-1_R1p.fastq.gz	GCA_016616885.1_ASM1661688v1_genomic	244	8
12447_H3WL3BCXX-1_R1p.fastq.gz	GCA_016616885.1_ASM1661688v1_genomic	245	7
12447_H3WL3BCXX-1_R1p.fastq.gz	GCA_016616885.1_ASM1661688v1_genomic	246	4
12447_H3WL3BCXX-1_R1p.fastq.gz	GCA_016616885.1_ASM1661688v1_genomic	247	3
12447_H3WL3BCXX-1_R1p.fastq.gz	GCA_016616885.1_ASM1661688v1_genomic	248	5
12447_H3WL3BCXX-1_R1p.fastq.gz	GCA_016616885.1_ASM1661688v1_genomic	249	6
12447_H3WL3BCXX-1_R1p.fastq.gz	GCA_016616885.1_ASM1661688v1_genomic	250	9
12447_H3WL3BCXX-1_R1p.fastq.gz	GCA_016616885.1_ASM1661688v1_genomic	251	5
12447_H3WL3BCXX-1_R1p.fastq.gz	GCA_016616885.1_ASM1661688v1_genomic	252	5
12447_H3WL3BCXX-1_R1p.fastq.gz	GCA_016616885.1_ASM1661688v1_genomic	253	10
12447_H3WL3BCXX-1_R1p.fastq.gz	GCA_016616885.1_ASM1661688v1_genomic	254	5
12447_H3WL3BCXX-1_R1p.fastq.gz	GCA_016616885.1_ASM1661688v1_genomic	255	9
12447_H3WL3BCXX-1_R1p.fastq.gz	GCA_016616885.1_ASM1661688v1_genomic	256	7
12447_H3WL3BCXX-1_R1p.fastq.gz	GCA_016616885.1_ASM1661688v1_genomic	257	1
12447_H3WL3BCXX-1_R1p.fastq.gz	GCA_016616885.1_ASM1661688v1_genomic	258	7
12447_H3WL3BCXX-1_R1p.fastq.gz	GCA_016616885.1_ASM1661688v1_genomic	259	13
12447_H3WL3BCXX-1_R1p.fastq.gz	GCA_016616885.1_ASM1661688v1_genomic	260	6
12447_H3WL3BCXX-1_R1p.fastq.gz	GCA_016616885.1_ASM1661688v1_genomic	261	5
12447_H3WL3BCXX-1_R1p.fastq.gz	GCA_016616885.1_ASM1661688v1_genomic	262	11
12447_H3WL3BCXX-1_R1p.fastq.gz	GCA_016616885.1_ASM1661688v1_genomic	263	8
12447_H3WL3BCXX-1_R1p.fastq.gz	GCA_016616885.1_ASM1661688v1_genomic	264	8
12447_H3WL3BCXX-1_R1p.fastq.gz	GCA_016616885.1_ASM1661688v1_genomic	265	5
12447_H3WL3BCXX-1_R1p.fastq.gz	GCA_016616885.1_ASM1661688v1_genomic	266	5
12447_H3WL3BCXX-1_R1p.fastq.gz	GCA_016616885.1_ASM1661688v1_genomic	267	6
12447_H3WL3BCXX-1_R1p.fastq.gz	GCA_016616885.1_ASM1661688v1_genomic	268	7
12447_H3WL3BCXX-1_R1p.fastq.gz	GCA_016616885.1_ASM1661688v1_genomic	269	9
12447_H3WL3BCXX-1_R1p.fastq.gz	GCA_016616885.1_ASM1661688v1_genomic	270	8
12447_H3WL3BCXX-1_R1p.fastq.gz	GCA_016616885.1_ASM1661688v1_genomic	271	7
12447_H3WL3BCXX-1_R1p.fastq.gz	GCA_016616885.1_ASM1661688v1_genomic	272	3
12447_H3WL3BCXX-1_R1p.fastq.gz	GCA_016616885.1_ASM1661688v1_genomic	273	1
12447_H3WL3BCXX-1_R1p.fastq.gz	GCA_016616885.1_ASM1661688v1_genomic	274	5
12447_H3WL3BCXX-1_R1p.fastq.gz	GCA_016616885.1_ASM1661688v1_genomic	275	6
12447_H3WL3BCXX-1_R1p.fastq.gz	GCA_016616885.1_ASM1661688v1_genomic	276	6
12447_H3WL3BCXX-1_R1p.fastq.gz	GCA_016616885.1_ASM1661688v1_genomic	277	2
12447_H3WL3BCXX-1_R1p.fastq.gz	GCA_016616885.1_ASM1661688v1_genomic	278	2
12447_H3WL3BCXX-1_R1p.fastq.gz	GCA_016616885.1_ASM1661688v1_genomic	279	1
12447_H3WL3BCXX-1_R1p.fastq.gz	GCA_016616885.1_ASM1661688v1_genomic	280	1
12447_H3WL3BCXX-1_R1p.fastq.gz	GCA_016616885.1_ASM1661688v1_genomic	281	0
12447_H3WL3BCXX-1_R1p.fastq.gz	GCA_016616885.1_ASM1661688v1_genomic	282	1
12447_H3WL3BCXX-1_R1p.fastq.gz	GCA_016616885.1_ASM1661688v1_genomic	283	3
12447_H3WL3BCXX-1_R1p.fastq.gz	GCA_016616885.1_ASM1661688v1_genomic	284	2
12447_H3WL3BCXX-1_R1p.fastq.gz	GCA_016616885.1_ASM1661688v1_genomic	285	1
12447_H3WL3BCXX-1_R1p.fastq.gz	GCA_016616885.1_ASM1661688v1_genomic	286	3
12447_H3WL3BCXX-1_R1p.fastq.gz	GCA_016616885.1_ASM1661688v1_genomic	287	2
12447_H3WL3BCXX-1_R1p.fastq.gz	GCA_016616885.1_ASM1661688v1_genomic	288	4
12447_H3WL3BCXX-1_R1p.fastq.gz	GCA_016616885.1_ASM1661688v1_genomic	289	4
12447_H3WL3BCXX-1_R1p.fastq.gz	GCA_016616885.1_ASM1661688v1_genomic	290	2
12447_H3WL3BCXX-1_R1p.fastq.gz	GCA_016616885.1_ASM1661688v1_genomic	291	0
12447_H3WL3BCXX-1_R1p.fastq.gz	GCA_016616885.1_ASM1661688v1_genomic	292	6
12447_H3WL3BCXX-1_R1p.fastq.gz	GCA_016616885.1_ASM1661688v1_genomic	293	2
12447_H3WL3BCXX-1_R1p.fastq.gz	GCA_016616885.1_ASM1661688v1_genomic	294	5
12447_H3WL3BCXX-1_R1p.fastq.gz	GCA_016616885.1_ASM1661688v1_genomic	295	4
12447_H3WL3BCXX-1_R1p.fastq.gz	GCA_016616885.1_ASM1661688v1_genomic	296	2
12447_H3WL3BCXX-1_R1p.fastq.gz	GCA_016616885.1_ASM1661688v1_genomic	297	4
12447_H3WL3BCXX-1_R1p.fastq.gz	GCA_016616885.1_ASM1661688v1_genomic	298	2
12447_H3WL3BCXX-1_R1p.fastq.gz	GCA_016616885.1_ASM1661688v1_genomic	299	7
12447_H3WL3BCXX-1_R1p.fastq.gz	GCA_016616885.1_ASM1661688v1_genomic	300	6
12447_H3WL3BCXX-1_R1p.fastq.gz	GCA_016616885.1_ASM1661688v1_genomic	301	7
12447_H3WL3BCXX-1_R1p.fastq.gz	GCA_016616885.1_ASM1661688v1_genomic	302	14
12447_H3WL3BCXX-1_R1p.fastq.gz	GCA_016616885.1_ASM1661688v1_genomic	303	8
12447_H3WL3BCXX-1_R1p.fastq.gz	GCA_016616885.1_ASM1661688v1_genomic	304	6
12447_H3WL3BCXX-1_R1p.fastq.gz	GCA_016616885.1_ASM1661688v1_genomic	305	6
12447_H3WL3BCXX-1_R1p.fastq.gz	GCA_016616885.1_ASM1661688v1_genomic	306	6
12447_H3WL3BCXX-1_R1p.fastq.gz	GCA_016616885.1_ASM1661688v1_genomic	307	7
12447_H3WL3BCXX-1_R1p.fastq.gz	GCA_016616885.1_ASM1661688v1_genomic	308	7
12447_H3WL3BCXX-1_R1p.fastq.gz	GCA_016616885.1_ASM1661688v1_genomic	309	5
12447_H3WL3BCXX-1_R1p.fastq.gz	GCA_016616885.1_ASM1661688v1_genomic	310	3
12447_H3WL3BCXX-1_R1p.fastq.gz	GCA_016616885.1_ASM1661688v1_genomic	311	4
12447_H3WL3BCXX-1_R1p.fastq.gz	GCA_016616885.1_ASM1661688v1_genomic	312	3
12447_H3WL3BCXX-1_R1p.fastq.gz	GCA_016616885.1_ASM1661688v1_genomic	313	12
12447_H3WL3BCXX-1_R1p.fastq.gz	GCA_016616885.1_ASM1661688v1_genomic	314	9
12447_H3WL3BCXX-1_R1p.fastq.gz	GCA_016616885.1_ASM1661688v1_genomic	315	21
12447_H3WL3BCXX-1_R1p.fastq.gz	GCA_016616885.1_ASM1661688v1_genomic	316	19
12447_H3WL3BCXX-1_R1p.fastq.gz	GCA_016616885.1_ASM1661688v1_genomic	317	11
12447_H3WL3BCXX-1_R1p.fastq.gz	GCA_016616885.1_ASM1661688v1_genomic	318	17
12447_H3WL3BCXX-1_R1p.fastq.gz	GCA_016616885.1_ASM1661688v1_genomic	319	10
12447_H3WL3BCXX-1_R1p.fastq.gz	GCA_016616885.1_ASM1661688v1_genomic	320	16
12447_H3WL3BCXX-1_R1p.fastq.gz	GCA_016616885.1_ASM1661688v1_genomic	321	16
12447_H3WL3BCXX-1_R1p.fastq.gz	GCA_016616885.1_ASM1661688v1_genomic	322	6
12447_H3WL3BCXX-1_R1p.fastq.gz	GCA_016616885.1_ASM1661688v1_genomic	323	2
12447_H3WL3BCXX-1_R1p.fastq.gz	GCA_016616885.1_ASM1661688v1_genomic	324	7
12447_H3WL3BCXX-1_R1p.fastq.gz	GCA_016616885.1_ASM1661688v1_genomic	325	14
12447_H3WL3BCXX-1_R1p.fastq.gz	GCA_016616885.1_ASM1661688v1_genomic	326	4
12447_H3WL3BCXX-1_R1p.fastq.gz	GCA_016616885.1_ASM1661688v1_genomic	327	4
12447_H3WL3BCXX-1_R1p.fastq.gz	GCA_016616885.1_ASM1661688v1_genomic	328	5
12447_H3WL3BCXX-1_R1p.fastq.gz	GCA_016616885.1_ASM1661688v1_genomic	329	0
12447_H3WL3BCXX-1_R1p.fastq.gz	GCA_016616885.1_ASM1661688v1_genomic	330	1
12447_H3WL3BCXX-1_R1p.fastq.gz	GCA_016616885.1_ASM1661688v1_genomic	331	5
12447_H3WL3BCXX-1_R1p.fastq.gz	GCA_016616885.1_ASM1661688v1_genomic	332	5
12447_H3WL3BCXX-1_R1p.fastq.gz	GCA_016616885.1_ASM1661688v1_genomic	333	6
12447_H3WL3BCXX-1_R1p.fastq.gz	GCA_016616885.1_ASM1661688v1_genomic	334	7
12447_H3WL3BCXX-1_R1p.fastq.gz	GCA_016616885.1_ASM1661688v1_genomic	335	6
12447_H3WL3BCXX-1_R1p.fastq.gz	GCA_016616885.1_ASM1661688v1_genomic	336	7
12447_H3WL3BCXX-1_R1p.fastq.gz	GCA_016616885.1_ASM1661688v1_genomic	337	7
12447_H3WL3BCXX-1_R1p.fastq.gz	GCA_016616885.1_ASM1661688v1_genomic	338	5
12447_H3WL3BCXX-1_R1p.fastq.gz	GCA_016616885.1_ASM1661688v1_genomic	339	2
12447_H3WL3BCXX-1_R1p.fastq.gz	GCA_016616885.1_ASM1661688v1_genomic	340	5
12447_H3WL3BCXX-1_R1p.fastq.gz	GCA_016616885.1_ASM1661688v1_genomic	341	4
12447_H3WL3BCXX-1_R1p.fastq.gz	GCA_016616885.1_ASM1661688v1_genomic	342	4
12447_H3WL3BCXX-1_R1p.fastq.gz	GCA_016616885.1_ASM1661688v1_genomic	343	1
12447_H3WL3BCXX-1_R1p.fastq.gz	GCA_016616885.1_ASM1661688v1_genomic	344	1
12447_H3WL3BCXX-1_R1p.fastq.gz	GCA_016616885.1_ASM1661688v1_genomic	345	1
12447_H3WL3BCXX-1_R1p.fastq.gz	GCA_016616885.1_ASM1661688v1_genomic	346	3
12447_H3WL3BCXX-1_R1p.fastq.gz	GCA_016616885.1_ASM1661688v1_genomic	347	2
12447_H3WL3BCXX-1_R1p.fastq.gz	GCA_016616885.1_ASM1661688v1_genomic	348	1
12447_H3WL3BCXX-1_R1p.fastq.gz	GCA_016616885.1_ASM1661688v1_genomic	349	1
12447_H3WL3BCXX-1_R1p.fastq.gz	GCA_016616885.1_ASM1661688v1_genomic	350	4
12447_H3WL3BCXX-1_R1p.fastq.gz	GCA_016616885.1_ASM1661688v1_genomic	351	6
12447_H3WL3BCXX-1_R1p.fastq.gz	GCA_016616885.1_ASM1661688v1_genomic	352	6
12447_H3WL3BCXX-1_R1p.fastq.gz	GCA_016616885.1_ASM1661688v1_genomic	353	7
12447_H3WL3BCXX-1_R1p.fastq.gz	GCA_016616885.1_ASM1661688v1_genomic	354	10
12447_H3WL3BCXX-1_R1p.fastq.gz	GCA_016616885.1_ASM1661688v1_genomic	355	6
12447_H3WL3BCXX-1_R1p.fastq.gz	GCA_016616885.1_ASM1661688v1_genomic	356	2
12447_H3WL3BCXX-1_R1p.fastq.gz	GCA_016616885.1_ASM1661688v1_genomic	357	8
12447_H3WL3BCXX-1_R1p.fastq.gz	GCA_016616885.1_ASM1661688v1_genomic	358	2
12447_H3WL3BCXX-1_R1p.fastq.gz	GCA_016616885.1_ASM1661688v1_genomic	359	1
12447_H3WL3BCXX-1_R1p.fastq.gz	GCA_016616885.1_ASM1661688v1_genomic	360	6
12447_H3WL3BCXX-1_R1p.fastq.gz	GCA_016616885.1_ASM1661688v1_genomic	361	1
12447_H3WL3BCXX-1_R1p.fastq.gz	GCA_016616885.1_ASM1661688v1_genomic	362	2
12447_H3WL3BCXX-1_R1p.fastq.gz	GCA_016616885.1_ASM1661688v1_genomic	363	2
12447_H3WL3BCXX-1_R1p.fastq.gz	GCA_016616885.1_ASM1661688v1_genomic	364	5
12447_H3WL3BCXX-1_R1p.fastq.gz	GCA_016616885.1_ASM1661688v1_genomic	365	1
12447_H3WL3BCXX-1_R1p.fastq.gz	GCA_016616885.1_ASM1661688v1_genomic	366	2
12447_H3WL3BCXX-1_R1p.fastq.gz	GCA_016616885.1_ASM1661688v1_genomic	367	0
12447_H3WL3BCXX-1_R1p.fastq.gz	GCA_016616885.1_ASM1661688v1_genomic	368	3
12447_H3WL3BCXX-1_R1p.fastq.gz	GCA_016616885.1_ASM1661688v1_genomic	369	2
12447_H3WL3BCXX-1_R1p.fastq.gz	GCA_016616885.1_ASM1661688v1_genomic	370	2
12447_H3WL3BCXX-1_R1p.fastq.gz	GCA_016616885.1_ASM1661688v1_genomic	371	2
12447_H3WL3BCXX-1_R1p.fastq.gz	GCA_016616885.1_ASM1661688v1_genomic	372	7
12447_H3WL3BCXX-1_R1p.fastq.gz	GCA_016616885.1_ASM1661688v1_genomic	373	4
12447_H3WL3BCXX-1_R1p.fastq.gz	GCA_016616885.1_ASM1661688v1_genomic	374	4
12447_H3WL3BCXX-1_R1p.fastq.gz	GCA_016616885.1_ASM1661688v1_genomic	375	2
12447_H3WL3BCXX-1_R1p.fastq.gz	GCA_016616885.1_ASM1661688v1_genomic	376	5
12447_H3WL3BCXX-1_R1p.fastq.gz	GCA_016616885.1_ASM1661688v1_genomic	377	7
12447_H3WL3BCXX-1_R1p.fastq.gz	GCA_016616885.1_ASM1661688v1_genomic	378	5
12447_H3WL3BCXX-1_R1p.fastq.gz	GCA_016616885.1_ASM1661688v1_genomic	379	5
12447_H3WL3BCXX-1_R1p.fastq.gz	GCA_016616885.1_ASM1661688v1_genomic	380	11
12447_H3WL3BCXX-1_R1p.fastq.gz	GCA_016616885.1_ASM1661688v1_genomic	381	8
12447_H3WL3BCXX-1_R1p.fastq.gz	GCA_016616885.1_ASM1661688v1_genomic	382	3
12447_H3WL3BCXX-1_R1p.fastq.gz	GCA_016616885.1_ASM1661688v1_genomic	383	10
12447_H3WL3BCXX-1_R1p.fastq.gz	GCA_016616885.1_ASM1661688v1_genomic	384	5
12447_H3WL3BCXX-1_R1p.fastq.gz	GCA_016616885.1_ASM1661688v1_genomic	385	4
12447_H3WL3BCXX-1_R1p.fastq.gz	GCA_016616885.1_ASM1661688v1_genomic	386	2
12447_H3WL3BCXX-1_R1p.fastq.gz	GCA_016616885.1_ASM1661688v1_genomic	387	1
12447_H3WL3BCXX-1_R1p.fastq.gz	GCA_016616885.1_ASM1661688v1_genomic	388	1
12447_H3WL3BCXX-1_R1p.fastq.gz	GCA_016616885.1_ASM1661688v1_genomic	389	3
12447_H3WL3BCXX-1_R1p.fastq.gz	GCA_016616885.1_ASM1661688v1_genomic	390	2
12447_H3WL3BCXX-1_R1p.fastq.gz	GCA_016616885.1_ASM1661688v1_genomic	391	2
12447_H3WL3BCXX-1_R1p.fastq.gz	GCA_016616885.1_ASM1661688v1_genomic	392	1
12447_H3WL3BCXX-1_R1p.fastq.gz	GCA_016616885.1_ASM1661688v1_genomic	393	4
12447_H3WL3BCXX-1_R1p.fastq.gz	GCA_016616885.1_ASM1661688v1_genomic	394	6
12447_H3WL3BCXX-1_R1p.fastq.gz	GCA_016616885.1_ASM1661688v1_genomic	395	4
12447_H3WL3BCXX-1_R1p.fastq.gz	GCA_016616885.1_ASM1661688v1_genomic	396	12
12447_H3WL3BCXX-1_R1p.fastq.gz	GCA_016616885.1_ASM1661688v1_genomic	397	7
12447_H3WL3BCXX-1_R1p.fastq.gz	GCA_016616885.1_ASM1661688v1_genomic	398	7
12447_H3WL3BCXX-1_R1p.fastq.gz	GCA_016616885.1_ASM1661688v1_genomic	399	5
12447_H3WL3BCXX-1_R1p.fastq.gz	GCA_016616885.1_ASM1661688v1_genomic	400	3
12447_H3WL3BCXX-1_R1p.fastq.gz	GCA_016616885.1_ASM1661688v1_genomic	401	3
12447_H3WL3BCXX-1_R1p.fastq.gz	GCA_016616885.1_ASM1661688v1_genomic	402	1
12447_H3WL3BCXX-1_R1p.fastq.gz	GCA_016616885.1_ASM1661688v1_genomic	403	3
12447_H3WL3BCXX-1_R1p.fastq.gz	GCA_016616885.1_ASM1661688v1_genomic	404	1
12447_H3WL3BCXX-1_R1p.fastq.gz	GCA_016616885.1_ASM1661688v1_genomic	405	2
12447_H3WL3BCXX-1_R1p.fastq.gz	GCA_016616885.1_ASM1661688v1_genomic	406	1
12447_H3WL3BCXX-1_R1p.fastq.gz	GCA_016616885.1_ASM1661688v1_genomic	407	0
12447_H3WL3BCXX-1_R1p.fastq.gz	GCA_016616885.1_ASM1661688v1_genomic	408	2
12447_H3WL3BCXX-1_R1p.fastq.gz	GCA_016616885.1_ASM1661688v1_genomic	409	1
12447_H3WL3BCXX-1_R1p.fastq.gz	GCA_016616885.1_ASM1661688v1_genomic	410	2
12447_H3WL3BCXX-1_R1p.fastq.gz	GCA_016616885.1_ASM1661688v1_genomic	411	2
12447_H3WL3BCXX-1_R1p.fastq.gz	GCA_016616885.1_ASM1661688v1_genomic	412	0
12447_H3WL3BCXX-1_R1p.fastq.gz	GCA_016616885.1_ASM1661688v1_genomic	413	1
12447_H3WL3BCXX-1_R1p.fastq.gz	GCA_016616885.1_ASM1661688v1_genomic	414	2
12447_H3WL3BCXX-1_R1p.fastq.gz	GCA_016616885.1_ASM1661688v1_genomic	415	1
12447_H3WL3BCXX-1_R1p.fastq.gz	GCA_016616885.1_ASM1661688v1_genomic	416	4
12447_H3WL3BCXX-1_R1p.fastq.gz	GCA_016616885.1_ASM1661688v1_genomic	417	0
12447_H3WL3BCXX-1_R1p.fastq.gz	GCA_016616885.1_ASM1661688v1_genomic	418	2
12447_H3WL3BCXX-1_R1p.fastq.gz	GCA_016616885.1_ASM1661688v1_genomic	419	2
12447_H3WL3BCXX-1_R1p.fastq.gz	GCA_016616885.1_ASM1661688v1_genomic	420	4
12447_H3WL3BCXX-1_R1p.fastq.gz	GCA_016616885.1_ASM1661688v1_genomic	421	6
12447_H3WL3BCXX-1_R1p.fastq.gz	GCA_016616885.1_ASM1661688v1_genomic	422	4
12447_H3WL3BCXX-1_R1p.fastq.gz	GCA_016616885.1_ASM1661688v1_genomic	423	4
12447_H3WL3BCXX-1_R1p.fastq.gz	GCA_016616885.1_ASM1661688v1_genomic	424	3
12447_H3WL3BCXX-1_R1p.fastq.gz	GCA_016616885.1_ASM1661688v1_genomic	425	1
12447_H3WL3BCXX-1_R1p.fastq.gz	GCA_016616885.1_ASM1661688v1_genomic	426	1
12447_H3WL3BCXX-1_R1p.fastq.gz	GCA_016616885.1_ASM1661688v1_genomic	427	1
12447_H3WL3BCXX-1_R1p.fastq.gz	GCA_016616885.1_ASM1661688v1_genomic	428	3
12447_H3WL3BCXX-1_R1p.fastq.gz	GCA_016616885.1_ASM1661688v1_genomic	429	4
12447_H3WL3BCXX-1_R1p.fastq.gz	GCA_016616885.1_ASM1661688v1_genomic	430	3
12447_H3WL3BCXX-1_R1p.fastq.gz	GCA_016616885.1_ASM1661688v1_genomic	431	4
12447_H3WL3BCXX-1_R1p.fastq.gz	GCA_016616885.1_ASM1661688v1_genomic	432	7
12447_H3WL3BCXX-1_R1p.fastq.gz	GCA_016616885.1_ASM1661688v1_genomic	433	5
12447_H3WL3BCXX-1_R1p.fastq.gz	GCA_016616885.1_ASM1661688v1_genomic	434	3
12447_H3WL3BCXX-1_R1p.fastq.gz	GCA_016616885.1_ASM1661688v1_genomic	435	4
12447_H3WL3BCXX-1_R1p.fastq.gz	GCA_016616885.1_ASM1661688v1_genomic	436	2
12447_H3WL3BCXX-1_R1p.fastq.gz	GCA_016616885.1_ASM1661688v1_genomic	437	4
12447_H3WL3BCXX-1_R1p.fastq.gz	GCA_016616885.1_ASM1661688v1_genomic	438	9
12447_H3WL3BCXX-1_R1p.fastq.gz	GCA_016616885.1_ASM1661688v1_genomic	439	6
12447_H3WL3BCXX-1_R1p.fastq.gz	GCA_016616885.1_ASM1661688v1_genomic	440	7
12447_H3WL3BCXX-1_R1p.fastq.gz	GCA_016616885.1_ASM1661688v1_genomic	441	2
12447_H3WL3BCXX-1_R1p.fastq.gz	GCA_016616885.1_ASM1661688v1_genomic	442	4
12447_H3WL3BCXX-1_R1p.fastq.gz	GCA_016616885.1_ASM1661688v1_genomic	443	4
12447_H3WL3BCXX-1_R1p.fastq.gz	GCA_016616885.1_ASM1661688v1_genomic	444	6
12447_H3WL3BCXX-1_R1p.fastq.gz	GCA_016616885.1_ASM1661688v1_genomic	445	8
12447_H3WL3BCXX-1_R1p.fastq.gz	GCA_016616885.1_ASM1661688v1_genomic	446	5
12447_H3WL3BCXX-1_R1p.fastq.gz	GCA_016616885.1_ASM1661688v1_genomic	447	2
12447_H3WL3BCXX-1_R1p.fastq.gz	GCA_016616885.1_ASM1661688v1_genomic	448	3
12447_H3WL3BCXX-1_R1p.fastq.gz	GCA_016616885.1_ASM1661688v1_genomic	449	1
12447_H3WL3BCXX-1_R1p.fastq.gz	GCA_016616885.1_ASM1661688v1_genomic	450	7
12447_H3WL3BCXX-1_R1p.fastq.gz	GCA_016616885.1_ASM1661688v1_genomic	451	3
12447_H3WL3BCXX-1_R1p.fastq.gz	GCA_016616885.1_ASM1661688v1_genomic	452	5
12447_H3WL3BCXX-1_R1p.fastq.gz	GCA_016616885.1_ASM1661688v1_genomic	453	3
12447_H3WL3BCXX-1_R1p.fastq.gz	GCA_016616885.1_ASM1661688v1_genomic	454	0
12447_H3WL3BCXX-1_R1p.fastq.gz	GCA_016616885.1_ASM1661688v1_genomic	455	2
12447_H3WL3BCXX-1_R1p.fastq.gz	GCA_016616885.1_ASM1661688v1_genomic	456	5
12447_H3WL3BCXX-1_R1p.fastq.gz	GCA_016616885.1_ASM1661688v1_genomic	457	3
12447_H3WL3BCXX-1_R1p.fastq.gz	GCA_016616885.1_ASM1661688v1_genomic	458	3
12447_H3WL3BCXX-1_R1p.fastq.gz	GCA_016616885.1_ASM1661688v1_genomic	459	6
12447_H3WL3BCXX-1_R1p.fastq.gz	GCA_016616885.1_ASM1661688v1_genomic	460	1
12447_H3WL3BCXX-1_R1p.fastq.gz	GCA_016616885.1_ASM1661688v1_genomic	461	6
12447_H3WL3BCXX-1_R1p.fastq.gz	GCA_016616885.1_ASM1661688v1_genomic	462	5
12447_H3WL3BCXX-1_R1p.fastq.gz	GCA_016616885.1_ASM1661688v1_genomic	463	2
12447_H3WL3BCXX-1_R1p.fastq.gz	GCA_016616885.1_ASM1661688v1_genomic	464	4
12447_H3WL3BCXX-1_R1p.fastq.gz	GCA_016616885.1_ASM1661688v1_genomic	465	2
12447_H3WL3BCXX-1_R1p.fastq.gz	GCA_016616885.1_ASM1661688v1_genomic	466	1
12447_H3WL3BCXX-1_R1p.fastq.gz	GCA_016616885.1_ASM1661688v1_genomic	467	0
12447_H3WL3BCXX-1_R1p.fastq.gz	GCA_016616885.1_ASM1661688v1_genomic	468	1
12447_H3WL3BCXX-1_R1p.fastq.gz	GCA_016616885.1_ASM1661688v1_genomic	469	1
12447_H3WL3BCXX-1_R1p.fastq.gz	GCA_016616885.1_ASM1661688v1_genomic	470	0
12447_H3WL3BCXX-1_R1p.fastq.gz	GCA_016616885.1_ASM1661688v1_genomic	471	0
12447_H3WL3BCXX-1_R1p.fastq.gz	GCA_016616885.1_ASM1661688v1_genomic	472	0
12447_H3WL3BCXX-1_R1p.fastq.gz	GCA_016616885.1_ASM1661688v1_genomic	473	1
12447_H3WL3BCXX-1_R1p.fastq.gz	GCA_016616885.1_ASM1661688v1_genomic	474	0
12447_H3WL3BCXX-1_R1p.fastq.gz	GCA_016616885.1_ASM1661688v1_genomic	475	0
12447_H3WL3BCXX-1_R1p.fastq.gz	GCA_016616885.1_ASM1661688v1_genomic	476	1
12447_H3WL3BCXX-1_R1p.fastq.gz	GCA_016616885.1_ASM1661688v1_genomic	477	2
12447_H3WL3BCXX-1_R1p.fastq.gz	GCA_016616885.1_ASM1661688v1_genomic	478	0
12447_H3WL3BCXX-1_R1p.fastq.gz	GCA_016616885.1_ASM1661688v1_genomic	479	0
12447_H3WL3BCXX-1_R1p.fastq.gz	GCA_016616885.1_ASM1661688v1_genomic	480	1
12447_H3WL3BCXX-1_R1p.fastq.gz	GCA_016616885.1_ASM1661688v1_genomic	481	0
12447_H3WL3BCXX-1_R1p.fastq.gz	GCA_016616885.1_ASM1661688v1_genomic	482	0
12447_H3WL3BCXX-1_R1p.fastq.gz	GCA_016616885.1_ASM1661688v1_genomic	483	1
12447_H3WL3BCXX-1_R1p.fastq.gz	GCA_016616885.1_ASM1661688v1_genomic	484	0
12447_H3WL3BCXX-1_R1p.fastq.gz	GCA_016616885.1_ASM1661688v1_genomic	485	0
12447_H3WL3BCXX-1_R1p.fastq.gz	GCA_016616885.1_ASM1661688v1_genomic	486	0
12447_H3WL3BCXX-1_R1p.fastq.gz	GCA_016616885.1_ASM1661688v1_genomic	487	0
12447_H3WL3BCXX-1_R1p.fastq.gz	GCA_016616885.1_ASM1661688v1_genomic	488	0
12447_H3WL3BCXX-1_R1p.fastq.gz	GCA_016616885.1_ASM1661688v1_genomic	489	0
12447_H3WL3BCXX-1_R1p.fastq.gz	GCA_016616885.1_ASM1661688v1_genomic	490	0
12447_H3WL3BCXX-1_R1p.fastq.gz	GCA_016616885.1_ASM1661688v1_genomic	491	0
12447_H3WL3BCXX-1_R1p.fastq.gz	GCA_016616885.1_ASM1661688v1_genomic	492	0
12447_H3WL3BCXX-1_R1p.fastq.gz	GCA_016616885.1_ASM1661688v1_genomic	493	0
12447_H3WL3BCXX-1_R1p.fastq.gz	GCA_016616885.1_ASM1661688v1_genomic	494	0
12447_H3WL3BCXX-1_R1p.fastq.gz	GCA_016616885.1_ASM1661688v1_genomic	495	0
12447_H3WL3BCXX-1_R1p.fastq.gz	GCA_016616885.1_ASM1661688v1_genomic	496	0
12447_H3WL3BCXX-1_R1p.fastq.gz	GCA_016616885.1_ASM1661688v1_genomic	497	2
12447_H3WL3BCXX-1_R1p.fastq.gz	GCA_016616885.1_ASM1661688v1_genomic	498	0
12447_H3WL3BCXX-1_R1p.fastq.gz	GCA_016616885.1_ASM1661688v1_genomic	499	0
12447_H3WL3BCXX-1_R1p.fastq.gz	GCA_016616885.1_ASM1661688v1_genomic	500	0
12447_H3WL3BCXX-1_R1p.fastq.gz	GCA_016616885.1_ASM1661688v1_genomic	501	1
12447_H3WL3BCXX-1_R1p.fastq.gz	GCA_016616885.1_ASM1661688v1_genomic	502	2
12447_H3WL3BCXX-1_R1p.fastq.gz	GCA_016616885.1_ASM1661688v1_genomic	503	3
12447_H3WL3BCXX-1_R1p.fastq.gz	GCA_016616885.1_ASM1661688v1_genomic	504	2
12447_H3WL3BCXX-1_R1p.fastq.gz	GCA_016616885.1_ASM1661688v1_genomic	505	1
12447_H3WL3BCXX-1_R1p.fastq.gz	GCA_016616885.1_ASM1661688v1_genomic	506	1
12447_H3WL3BCXX-1_R1p.fastq.gz	GCA_016616885.1_ASM1661688v1_genomic	507	1
12447_H3WL3BCXX-1_R1p.fastq.gz	GCA_016616885.1_ASM1661688v1_genomic	508	1
12447_H3WL3BCXX-1_R1p.fastq.gz	GCA_016616885.1_ASM1661688v1_genomic	509	1
12447_H3WL3BCXX-1_R1p.fastq.gz	GCA_016616885.1_ASM1661688v1_genomic	510	5
12447_H3WL3BCXX-1_R1p.fastq.gz	GCA_016616885.1_ASM1661688v1_genomic	511	0
12447_H3WL3BCXX-1_R1p.fastq.gz	GCA_016616885.1_ASM1661688v1_genomic	512	3
12447_H3WL3BCXX-1_R1p.fastq.gz	GCA_016616885.1_ASM1661688v1_genomic	513	1
12447_H3WL3BCXX-1_R1p.fastq.gz	GCA_016616885.1_ASM1661688v1_genomic	514	2
12447_H3WL3BCXX-1_R1p.fastq.gz	GCA_016616885.1_ASM1661688v1_genomic	515	0
12447_H3WL3BCXX-1_R1p.fastq.gz	GCA_016616885.1_ASM1661688v1_genomic	516	0
12447_H3WL3BCXX-1_R1p.fastq.gz	GCA_016616885.1_ASM1661688v1_genomic	517	0
12447_H3WL3BCXX-1_R1p.fastq.gz	GCA_016616885.1_ASM1661688v1_genomic	518	0
12447_H3WL3BCXX-1_R1p.fastq.gz	GCA_016616885.1_ASM1661688v1_genomic	519	0
12447_H3WL3BCXX-1_R1p.fastq.gz	GCA_016616885.1_ASM1661688v1_genomic	520	0
12447_H3WL3BCXX-1_R1p.fastq.gz	GCA_016616885.1_ASM1661688v1_genomic	521	0
12447_H3WL3BCXX-1_R1p.fastq.gz	GCA_016616885.1_ASM1661688v1_genomic	522	0
12447_H3WL3BCXX-1_R1p.fastq.gz	GCA_016616885.1_ASM1661688v1_genomic	523	0
12447_H3WL3BCXX-1_R1p.fastq.gz	GCA_016616885.1_ASM1661688v1_genomic	524	0
12447_H3WL3BCXX-1_R1p.fastq.gz	GCA_016616885.1_ASM1661688v1_genomic	525	0
12447_H3WL3BCXX-1_R1p.fastq.gz	GCA_016616885.1_ASM1661688v1_genomic	526	1
